Seconds,Kitchen_AP,Lounge_AP,Upstairs_AP,Study_AP
1,-83.8,,-93.9,-83.6
2,-91.1,,-96.7,-76.4
3,-91.5,,-95.6,-75.4
4,-83.2,,-94.4,-77.2
5,-88.8,,-97.4,-78.3
6,-91.9,,-96.9,-84.5
7,-89.1,,-96.4,-83.5
8,-90.4,,-97.2,-76
9,-78.2,,-91,-73.9
10,-78.2,,-88.8,-76.3
11,-83.1,,-87.3,-77.3
12,-80.8,,-84.3,-76.5
13,-85.3,,-91.4,-83.9
14,-84.6,,-91.3,-84
15,-84.1,,-90.9,-86
16,-86.3,,-93.1,-86.8
17,-86.5,,-92.7,-83.6
18,-83.7,,-93.5,-85.4
19,-82.3,,-93.2,-84.5
20,-83,,-93.9,-81.3
21,-83.8,,-92.5,-79.5
22,-82.9,,-92.5,-85.2
23,-87.5,,-92.4,-82.7
24,-83.6,,-87,-81.6
25,-83.9,,-83.6,-85.4
26,-85.5,,-85.1,-84.6
27,-84.9,,-84.8,-85.1
28,-83,,-82.6,-83.2
29,-82.6,,-83.8,-79
30,-83.2,,-84,-78
31,-84.6,,-84.9,-78.7
32,-84.5,,-84.3,-78.6
33,-84.5,,-84.1,-80.5
34,-84.3,,-85.7,-87.4
35,-83.2,,-87,-80.8
36,-83.1,,-78.9,-79.6
37,-88.2,,-83.3,-69.9
38,-91.2,,-88.3,-74.2
39,-87.9,,-79.9,-84.2
40,-89,,-84.7,-85.8
41,-77.9,,-76.1,-89.3
42,-79.2,,-83.2,-83
43,-82.5,,-79,-84.2
44,-82.1,,-84.3,-85.4
45,-87.1,,-83.8,-86.2
46,-86.8,,-83.4,-82.2
47,-82.2,,-80.9,-78
48,-83.8,,-80,-78
49,-79.9,,-79.7,-82.8
50,-80,,-79.9,-82.7
51,-80.2,,-79.5,-76.2
52,-79.9,,-79.2,-77.4
53,-79.2,,-79.6,-82.2
54,-79.5,,-79.9,-77.2
55,-79.7,,-80,-77
56,-79.5,,-80,-77.5
57,-80.3,,-80,-78
58,-80.3,,-80,-78
59,-80.5,,-80,-78.2
60,-83.3,,-81,-81.6
61,-80.7,,-80,-78.1
62,-80.3,,-80,-78.7
63,-80,,-79.8,-83.6
64,-79.9,,-79.7,-79.4
65,-80.6,,-79.2,-79.4
66,-84.9,,-80.7,-79.2
67,-87.1,,-82.8,-84.9
68,-80,,-76.1,-81.3
69,-78,,-76.9,-84.4
70,-77.6,,-77.6,-85.6
71,-75.9,,-78.9,-81.6
72,-76.5,,-79.4,-81.2
73,-75.8,,-78.9,-83.6
74,-75,,-77.8,-82.2
75,-75,,-77.9,-84.9
76,-75.8,,-78.8,-89.9
77,-77.4,,-79,-84.8
78,-77.6,,-78.7,-82.2
79,-77.9,,-78,-87.4
80,-86.9,,-81.4,-88.7
81,-83.4,,-81.8,-86.7
82,-76.6,,-78.6,-83.7
83,-76.7,,-78.4,-80.2
84,-76.6,,-78.4,-81.7
85,-80.6,,-87.3,-81.2
86,-92,,-84.7,-85.3
87,-86.1,,-83.1,-85
88,-96.6,,-93.6,-97.5
89,-101.6,,-96.8,-95
90,-97.5,,-91.7,-97.4
91,-90.7,,-89,-96.3
92,-92.8,,-92.3,-98.5
93,-97,,-97.7,-90.5
94,-95,,-98,-88.8
95,-95,,-100.8,-89.1
96,-95,,-102.2,-90.4
97,-95,,-100,-92.6
98,-95,,-100,-86.9
99,-95,,-100,-87.2
100,-95,,-100,-91.4
101,-95,,-100,-90.6
102,-95,,-100,-89.5
103,-95,,-100,-86.5
104,-99.9,,-99.8,-90.6
105,-103.8,,-98.1,-96
106,-101.4,,-97.4,-95.3
107,-98,,-99.7,-91.5
108,-98,,-102.4,-92.4
109,-98,,-97.7,-96.4
110,-98,,-101,-90.3
111,-98,,-103.2,-86.9
112,-99.5,,-105,-94.3
113,-103,,-103.3,-93.7
114,-103,,-100,-86.9
115,-103,,-100,-89.2
116,-98.1,,-100,-88.4
117,-100.5,,-98.6,-85.6
118,-99.8,,-98,-93.6
119,-97,,-98,-93.4
120,-99.3,,-98,-93.8
121,-102,,-98,-89
122,-102.6,,-99.8,-82.4
123,-104,,-100,-82.6
124,-104,,-100,-82.1
125,-104,,-100,-84
126,-104,,-100,-81.4
127,-104,,-100,-81.9
128,-104,,-100,-81.3
129,-104,,-100,-81.6
130,-103.4,,-100,-85.6
131,-98,,-100,-87.9
132,-98,,-100,-82.8
133,-98,,-100,-82.3
134,-98,,-100,-85.1
135,-98,,-100,-85.3
136,-98,,-100,-85.9
137,-98,,-100,-86
138,-98,,-100,-86
139,-98,,-100,-86
140,-98,,-100,-90.6
141,-98,,-100,-96.2
142,-98,,-100,-92.6
143,-98,,-100,-84.6
144,-98,,-100,-86.2
145,-98,,-100,-86.4
146,-98,,-100,-86
147,-98,,-100,-85.8
148,-98,,-100,-85.7
149,-98,,-100,-88.1
150,-98,,-100,-90.2
151,-98,,-100,-90.3
152,-98,,-100,-83.45
153,-98,,-100,-85.3
154,-98,,-100,-86.85
155,-98,,-100,-89.95
156,-98,,-100,-85.85
157,-98,,-100,-84.2
158,-98,,-100,-84.8
159,-98,,-100,-84.25
160,-98,,-100,-84.2
161,-98,,-100,-84.3
162,-98,,-99.55,-97
163,-98,,-97,-94.2
164,-98,,-97,-85.55
165,-98,,-97,-84.25
166,-98,,-97,-90.05
167,-98,,-97,-91.1
168,-98,,-97,-91.35
169,-98,,-97,-90.7
170,-98,,-97,-91.15
171,-94.2,,-97,-91.6
172,-94,,-97,-102.45
173,-94,,-97,-102.55
174,-94,,-97,-94.5
175,-94,,-97,-93.4
176,-94,,-97.75,-89.2
177,-94,,-101.35,-89.35
178,-94,,-102.05,-89.25
179,-94,,-102.3,-89.2
180,-94,,-102.15,-88.5
181,-94,,-101,-90.05
182,-94,,-101,-85.35
183,-94,,-101,-88.05
184,-94,,-101,-88.9
185,-94,,-101,-93.45
186,-94,,-101,-99
187,-94,,-101,-97.75
188,-94,,-101,-95.15
189,-94,,-101,-95.35
190,-94,,-101,-95
191,-94,,-101,-99.6
192,-94,,-101,-97.2
193,-94,,-101,-88.45
194,-94,,-101,-92.05
195,-94,,-101,-83.65
196,-94,,-101,-87.8
197,-94,,-101,-84.8
198,-94,,-101,-80.8
199,-94,,-101,-79.4
200,-94,,-101,-78.8
201,-94,,-101,-89.8
202,-94,,-101,-89.4
203,-94,,-101,-88
204,-94,,-101,-85.8
205,-94,,-101,-88.2
206,-94,,-101,-87.8
207,-94,,-101,-82.6
208,-94,,-101,-81.4
209,-94,,-101,-80
210,-94,,-101,-80
211,-94,,-101,-84.8
212,-94,,-101,-99
213,-94,,-101,-90.8
214,-94,,-101,-90.8
215,-94,,-101,-90
216,-94,,-101,-90.2
217,-94,,-100,-95.2
218,-94,,-99.6,-95.8
219,-94,,-100,-97.6
220,-94,,-100,-97.2
221,-94,,-100,-97.2
222,-94,,-99.2,-92
223,-94,,-99,-92.2
224,-94,,-99,-96
225,-94,,-100,-94.6
226,-94,,-101,-95.4
227,-94,,-101,-96
228,-94,,-101,-95.8
229,-94,,-100.4,-92.8
230,-98,,-98,-94.4
231,-104,,-98.4,-91.2
232,-104,,-98,-89.6
233,-104,,-97.8,-90.4
234,-104,,-98,-89
235,-104,,-102,-90.8
236,-104,,-102,-88.2
237,-104,,-102,-94.2
238,-104,,-102,-97
239,-104,,-102,-94.8
240,-104,,-102,-93.2
241,-104,,-102,-94
242,-104,,-102,-93.8
243,-104,,-102,-86.8
244,-104,,-103,-86.25
245,-104,,-103,-87.2
246,-104,,-103,-83.9
247,-104,,-103,-87.4
248,-104,,-103,-82.3
249,-104,,-103,-85.2
250,-104,,-103,-84.15
251,-104,,-103,-85.45
252,-104,,-103,-91.35
253,-104,,-103,-91.65
254,-104,,-103,-92
255,-104,,-103,-92.5
256,-104,,-103,-92.3
257,-104,,-103,-88.6
258,-104,,-103,-84.8
259,-104,,-103,-81.35
260,-103,,-103,-81.8
261,-102.55,,-103,-81.2
262,-103,,-103,-82.9
263,-103,,-102.7,-91.55
264,-103,,-97,-96.85
265,-103,,-97,-90.15
266,-103,,-97.1,-92.9
267,-102.4,,-99.75,-95.65
268,-103,,-98,-96.35
269,-103,,-98,-96.05
270,-103,,-98,-97.8
271,-103,,-98,-96.15
272,-103,,-98.15,-95.8
273,-103,,-97,-92.95
274,-103,,-97.75,-92.75
275,-103,,-100,-91.65
276,-103,,-99.75,-94.35
277,-103,,-99,-88.6
278,-103,,-100.65,-91.5
279,-101.05,,-98.55,-88.25
280,-99.95,,-100.85,-93
281,-99,,-101.1,-91.15
282,-99,,-102,-87.8
283,-99,,-102,-88
284,-99,,-100.3,-88.2
285,-99,,-100.9,-88.55
286,-99,,-102,-90.9
287,-99,,-102,-93.85
288,-99,,-102,-92.6
289,-99,,-102,-96.55
290,-99,,-102,-98.65
291,-99,,-102,-97.55
292,-99,,-102,-93.9
293,-99,,-101.95,-85.95
294,-99,,-101,-90.6
295,-99,,-101,-88.7
296,-99,,-101,-86.4
297,-99,,-101,-86.25
298,-99,,-101,-80.75
299,-99,,-101,-79.35
300,-99,,-101,-80.6
301,-99,,-101,-79.85
302,-99,,-101,-81.1
303,-101.6,,-101,-89.9
304,-103,,-101,-94.05
305,-103,,-101,-90
306,-103,,-101,-89.15
307,-103,,-101,-88.2
308,-103,,-101,-88.5
309,-103,,-101,-80.4
310,-103,,-101,-82.25
311,-103,,-101,-82.55
312,-103,,-101,-82.6
313,-103,,-101,-82
314,-103,,-101,-92.5
315,-101.05,,-101,-98.7
316,-100,,-101,-89.85
317,-100,,-101,-92.8
318,-100,,-101,-94.5
319,-100,,-101,-89.6
320,-100,,-100.8,-86.1
321,-100,,-99.7,-93.2
322,-100,,-100,-90.8
323,-100,,-101.5,-92.8
324,-100,,-103,-93.2
325,-100,,-103,-95.3
326,-100,,-103,-97.3
327,-100,,-103,-93.8
328,-100,,-103,-91.7
329,-100,,-103,-92.3
330,-100,,-103,-89.1
331,-100,,-102.9,-89.7
332,-100,,-104,-90.8
333,-100,,-104,-90.6
334,-100,,-104,-94.3
335,-100,,-101.6,-96.1
336,-100,,-98,-91.2
337,-100,,-98,-95.1
338,-100,,-98,-90.3
339,-100,,-98,-90.8
340,-100,,-98,-89.7
341,-100,,-98,-88.7
342,-100,,-98,-89.7
343,-100,,-98,-92.5
344,-100,,-98,-90
345,-100,,-98,-90
346,-100,,-98,-90
347,-100,,-98,-91
348,-100,,-98,-92.6
349,-100,,-98,-87.4
350,-100,,-98,-85.2
351,-100,,-98,-87.1
352,-100,,-98,-87.5
353,-100,,-98,-87.6
354,-100,,-98,-86.5
355,-100,,-98,-83.7
356,-100,,-98,-83.6
357,-100,,-98,-83.3
358,-100,,-98,-83.8
359,-100,,-98,-85.7
360,-100,,-98,-92.4
361,-100,,-98,-89.3
362,-100,,-98,-86
363,-100,,-98,-85.45
364,-100,,-98,-87.4
365,-100,,-98,-82.5
366,-100,,-98,-80
367,-100,,-98,-79.55
368,-100,,-98,-79.05
369,-100,,-98,-79.15
370,-100.35,,-98,-86.5
371,-101,,-98.3,-93.75
372,-101,,-100.6,-91.25
373,-101,,-104,-92.85
374,-101,,-104,-94.05
375,-101,,-101.5,-92.4
376,-101,,-101.5,-90
377,-101,,-100,-88
378,-101,,-99.8,-88.2
379,-101,,-100,-87.8
380,-101,,-98.7,-89.7
381,-101,,-98.3,-94.2
382,-101,,-97.6,-86.75
383,-101,,-96.2,-90.4
384,-101,,-96,-93
385,-101,,-96,-96.7
386,-101,,-97.1,-92.95
387,-101,,-98,-89.45
388,-101,,-98,-90.5
389,-101,,-98,-93.1
390,-101,,-98,-90.85
391,-101,,-98,-88.5
392,-101,,-98,-84.25
393,-101,,-98,-88.7
394,-101,,-98,-91.7
395,-101,,-98,-96.6
396,-101,,-98,-97.6
397,-101.35,,-98,-89.4
398,-102,,-96.95,-82.45
399,-103.1,,-94.75,-82.8
400,-87.65,,-87.6,-84.5
401,-89.15,,-87.65,-80.4
402,-97.1,,-94.25,-90.85
403,-98.7,,-89.05,-97.55
404,-74.6,,-77.6,-95
405,-72.15,,-75.2,-89.1
406,-71.95,,-72.85,-91
407,-76.25,,-76.8,-96
408,-73.1,,-76.25,-98.1
409,-69.2,,-74.75,-98.6
410,-70.65,,-79.35,-94.4
411,-78.1,,-76.75,-88.3
412,-75.35,,-78.2,-90.75
413,-71.6,,-81.9,-96.3
414,-63.8,,-93.7,-99.4
415,-64.6,,-98,-99.25
416,-70.6,,-98,-98.55
417,-70.9,,-98,-95
418,-68.95,,-98,-95
419,-70.05,,-98,-95
420,-75.2,,-98,-95
421,-70.65,,-98,-95
422,-71.05,,-98,-95
423,-69.25,,-98,-95
424,-72.7,,-98,-95
425,-69.25,,-98,-95
426,-69.95,,-98,-95
427,-69.65,,-98,-95
428,-69.75,,-98,-95
429,-70.4,,-98,-95
430,-69.7,,-98,-95
431,-66.35,,-98,-95
432,-72.55,,-98,-95
433,-66.65,,-98,-95
434,-62.6,,-101.65,-95
435,-62.85,,-102.15,-95
436,-67.05,,-102,-95
437,-69.45,,-102,-95
438,-67.85,,-98.2,-95
439,-67.2,,-99.25,-95
440,-68.15,,-105,-95
441,-60.15,,-104.05,-95
442,-61,,-104,-95
443,-62,,-104,-101.65
444,-60.85,,-104,-102
445,-58.55,,-104,-102.3
446,-61.1,,-104,-104
447,-62,,-104,-104
448,-59.85,,-104,-104
449,-67.9,,-99.5,-104
450,-66.05,,-98,-104
451,-69.75,,-98,-104
452,-70,,-98,-104
453,-72.05,,-98,-104
454,-69.2,,-98,-103.3
455,-74.35,,-98,-102
456,-75.25,,-98,-102
457,-72.5,,-98,-102
458,-72.9,,-98,-102
459,-74.55,,-98,-102
460,-74.8,,-98,-102
461,-70.8,,-98,-102
462,-69.45,,-98,-102
463,-68.65,,-98,-102
464,-70.85,,-98,-102
465,-73.4,,-98,-102
466,-74.15,,-98,-102
467,-73.05,,-98,-102
468,-73.85,,-98,-102
469,-69.85,,-98,-102
470,-72.85,,-98,-102
471,-73.8,,-98,-102
472,-75.7,,-98,-102
473,-73.5,,-98,-102
474,-72.45,,-98,-102
475,-69.75,,-98,-102
476,-75.25,,-98,-102
477,-72.7,,-98,-102
478,-70.3,,-98,-102
479,-70.35,,-98,-102
480,-71.45,,-98,-102
481,-69.95,,-98,-102
482,-71.3,,-98,-102
483,-77.6,,-98,-102
484,-71.4,,-98,-102
485,-71.4,,-98,-102
486,-67.6,,-98,-102
487,-66.7,,-98,-102
488,-68,,-98,-102
489,-65.75,,-98,-102
490,-62.2,,-98,-102
491,-62.25,,-98,-102
492,-65,,-98,-102
493,-67.95,,-98,-102
494,-63.3,,-98,-102.45
495,-59.9,,-98,-98.75
496,-64,,-98,-98
497,-66.85,,-98,-98
498,-67.25,,-98,-98
499,-66.7,,-98,-98
500,-64.45,,-98,-98
501,-64.4,,-98,-98
502,-65.85,,-98,-98
503,-67.35,,-98,-98
504,-66.45,,-98,-98
505,-65.25,,-98,-98
506,-68.7,,-98,-98
507,-70.15,,-98,-98
508,-74.8,,-98,-98
509,-74.75,,-98,-99.75
510,-73.45,,-98,-103
511,-74.25,,-98,-103
512,-73.7,,-98,-103
513,-73.3,,-98,-103
514,-71.9,,-98,-103
515,-73.45,,-98,-103
516,-73.2,,-98,-104.6
517,-69,,-98,-105
518,-70.4,,-98,-105
519,-71.4,,-98,-105
520,-73.6,,-98,-105
521,-73.2,,-98,-105
522,-72.8,,-98,-105
523,-73,,-98,-105
524,-73.9,,-98,-105
525,-73.7,,-98,-105
526,-74.5,,-98,-105
527,-73.15,,-98,-105
528,-69.6,,-98,-105
529,-70.95,,-98,-105
530,-72.6,,-98,-105
531,-72.45,,-98,-105
532,-71.8,,-98,-105
533,-73.5,,-98,-105
534,-71.6,,-98,-105
535,-73.7,,-98,-105
536,-72.2,,-98,-105
537,-71.15,,-98,-105
538,-68.45,,-98,-105
539,-71.25,,-98,-105
540,-71.7,,-98,-105
541,-72.75,,-98,-105
542,-72.05,,-98,-105
543,-67.1,,-98,-105
544,-70.75,,-98,-97.9
545,-70.65,,-98,-101.65
546,-70.55,,-98,-104
547,-68.9,,-98,-103
548,-62.65,,-98,-101.7
549,-69.3,,-98,-102.4
550,-72.7,,-98,-102
551,-71.8,,-98,-102.05
552,-70.45,,-98,-103
553,-69.7,,-98,-103
554,-71.3,,-98,-103
555,-70,,-98,-103
556,-72.2,,-98,-103
557,-74,,-98,-103
558,-71.4,,-98,-103
559,-74.3,,-98,-103
560,-72.7,,-98,-103
561,-71.3,,-98,-103
562,-72.7,,-98,-103
563,-75,,-98,-103
564,-75,,-98,-103
565,-75,,-98,-103
566,-75,,-98,-103
567,-72.6,,-98,-103
568,-72.5,,-98,-103
569,-73.5,,-98,-103
570,-76.5,,-98,-103
571,-73.7,,-98,-103
572,-71.8,,-98,-103
573,-74.2,,-98,-103
574,-74.9,,-98,-103
575,-75.1,,-98,-103
576,-74.7,,-98,-103
577,-74.2,,-98,-103
578,-73.2,,-98,-103
579,-73.5,,-98,-103
580,-73.4,,-98,-103
581,-70,,-98,-103
582,-72.2,,-98,-103
583,-73,,-98,-103
584,-73.6,,-98,-103
585,-72.4,,-98,-103
586,-72.2,,-98,-103
587,-73.4,,-98,-103
588,-71.5,,-98,-103
589,-74.7,,-98,-103
590,-71.9,,-98,-103
591,-72.8,,-98,-103
592,-73.1,,-98,-103
593,-72.8,,-98,-103
594,-73.6,,-98,-103
595,-69.2,,-98,-103
596,-72.9,,-98,-103
597,-74,,-98,-103
598,-72.9,,-98,-103
599,-72.3,,-98,-103
600,-74.6,,-98,-103
601,-76.9,,-98,-103
602,-73.5,,-98,-103
603,-72.1,,-98,-103
604,-73.3,,-98,-103
605,-73.1,,-98,-103
606,-70.5,,-98,-103
607,-70.7,,-98,-103
608,-76.2,,-98,-103
609,-74.7,,-98,-103
610,-73.2,,-98,-103
611,-73.1,,-98,-103
612,-74.3,,-98,-103
613,-74.8,,-98,-103
614,-77.1,,-98,-103
615,-72.3,,-98,-103
616,-72.7,,-98,-103
617,-72,,-98,-103
618,-76.1,,-98,-103
619,-75.9,,-98,-103
620,-76.1,,-98,-103
621,-80.3,,-98,-103
622,-76.7,,-98,-103
623,-77.9,,-98,-103
624,-77.8,,-98,-103
625,-77.2,,-98,-103
626,-74.1,,-98,-103
627,-74.9,,-98,-103
628,-76.7,,-98,-103
629,-74.4,,-98,-103
630,-73.7,,-98,-103
631,-72.4,,-98,-103
632,-74.4,,-98,-103
633,-75.9,,-98,-103
634,-74.2,,-98,-103
635,-71.1,,-98,-103
636,-70.4,,-98,-103
637,-71.5,,-98,-103
638,-69.9,,-98,-103
639,-72.3,,-98,-103
640,-72.9,,-98,-103
641,-74.7,,-98,-103
642,-74.9,,-98,-103
643,-71.2,,-98,-103
644,-71.4,,-98,-103
645,-75,,-98,-103
646,-71.1,,-98,-103
647,-69.1,,-98,-103
648,-68.2,,-98,-103
649,-67.9,,-98,-103
650,-68.7,,-98,-103
651,-68,,-98,-103
652,-64.5,,-98,-103
653,-64,,-98,-103
654,-66.6,,-97.6,-103
655,-73.2,,-85.2,-103
656,-79.5,,-81.5,-101.5
657,-78.6,,-76.6,-98.6
658,-78.6,,-76.3,-89.2
659,-79.55,,-75.8,-95.4
660,-83.25,,-75.6,-100.55
661,-93.95,,-74.75,-96
662,-86.6,,-78.8,-95.6
663,-82,,-76.2,-92
664,-80.4,,-80.8,-87.8
665,-90.2,,-81.4,-91.4
666,-89.8,,-79.6,-97.2
667,-94.4,,-77.2,-92
668,-89.6,,-77.2,-81.6
669,-88.6,,-78,-98.8
670,-85.4,,-76,-98.4
671,-85.6,,-77.6,-95.2
672,-101.4,,-93.2,-95.4
673,-101,,-102.2,-87.2
674,-101,,-102,-88.8
675,-102.8,,-101.6,-97.4
676,-104,,-94,-98
677,-104,,-93.8,-85.6
678,-104,,-101.2,-91.4
679,-102.2,,-98.75,-86.6
680,-101.95,,-98.2,-88.8
681,-103,,-96.45,-86.65
682,-103,,-94.3,-96.7
683,-103,,-91.7,-100.35
684,-103,,-91.95,-100
685,-103,,-93.55,-99.7
686,-103.65,,-91.15,-90.9
687,-104,,-92.55,-90.65
688,-104,,-92,-87.25
689,-104,,-92,-97
690,-104,,-92,-92.7
691,-104,,-92,-90.7
692,-104,,-94.7,-90.3
693,-104,,-98.2,-97.6
694,-104,,-100.2,-97.7
695,-104,,-100.55,-90.85
696,-104,,-101.85,-90.95
697,-104,,-102,-93.9
698,-104,,-102,-95.7
699,-104,,-102,-86.4
700,-104,,-102,-94
701,-104,,-101.9,-90
702,-99.45,,-96,-87.95
703,-95.3,,-96,-86.8
704,-93.75,,-96,-84.75
705,-91.7,,-95.35,-86.2
706,-92,,-95.1,-88.85
707,-92,,-98.9,-92.9
708,-92,,-98.35,-89.8
709,-92,,-98.95,-99.4
710,-92,,-100.15,-90.1
711,-96.25,,-103.7,-89.9
712,-101,,-98,-91.85
713,-101,,-98,-92.9
714,-101,,-99.5,-95.35
715,-101,,-98.9,-96.25
716,-101,,-98,-96.4
717,-101,,-98,-96.85
718,-101,,-98,-96.5
719,-101,,-98,-94.45
720,-101,,-99.75,-92.8
721,-101,,-105,-96.15
722,-101,,-105,-94.45
723,-101,,-105,-93.5
724,-101,,-103.5,-96.05
725,-101,,-99,-103.15
726,-101,,-99,-102.8
727,-101.9,,-98.15,-93.4
728,-103,,-94.6,-83.25
729,-103,,-92.25,-89.7
730,-100.75,,-92.25,-87.5
731,-94,,-96,-91.25
732,-94,,-100.35,-97.05
733,-94,,-99.55,-93.75
734,-94,,-98.2,-88.8
735,-94,,-102,-79.8
736,-94,,-102,-80.6
737,-94,,-102,-90.85
738,-94,,-102,-92.7
739,-94,,-102,-88.9
740,-94,,-102,-91.95
741,-94,,-102,-89.6
742,-94,,-102,-88.5
743,-94,,-102,-87.6
744,-94,,-102,-87.3
745,-94,,-102,-91.4
746,-94,,-102,-92.1
747,-94,,-102,-90.1
748,-94,,-102,-90.25
749,-94,,-102,-90.5
750,-94,,-102,-89.6
751,-94,,-102,-90.95
752,-94,,-102,-91.2
753,-94,,-102,-91.95
754,-94,,-102,-82.8
755,-94,,-102,-82.95
756,-94,,-96.8,-88.95
757,-94,,-99,-92.3
758,-94,,-98,-94.05
759,-94,,-98,-95.9
760,-94,,-98,-89.4
761,-94,,-98,-83.65
762,-94,,-98,-82.15
763,-94,,-98,-86.7
764,-94,,-98,-86.9
765,-94,,-96.1,-86
766,-94,,-97.05,-86.6
767,-94,,-97.85,-86.65
768,-94,,-97.1,-86.15
769,-94,,-99.45,-86.85
770,-94,,-95.95,-86.55
771,-94,,-99.4,-86.25
772,-94,,-95.85,-86.35
773,-94,,-97.3,-86.65
774,-94,,-95,-86.8
775,-94,,-95.65,-86.6
776,-94,,-95.95,-87.4
777,-94,,-95.45,-87
778,-94,,-98.15,-87.25
779,-94,,-96.25,-86.5
780,-94,,-97.75,-86
781,-94,,-97.55,-86.1
782,-94,,-98.45,-88.65
783,-94,,-97,-90.7
784,-94,,-97,-93.6
785,-94,,-97,-94.2
786,-94,,-97,-91.15
787,-94,,-97,-92.4
788,-97.5,,-97,-92.05
789,-104,,-97,-87.3
790,-104,,-97,-87.2
791,-104,,-97,-88.9
792,-104,,-96.85,-96.55
793,-104,,-98.45,-86.45
794,-104,,-97.35,-85.7
795,-104,,-97.5,-84.95
796,-104,,-97.1,-84.6
797,-103.05,,-97.7,-85.4
798,-103,,-97.5,-87.75
799,-103,,-98.1,-85.2
800,-103,,-101.4,-87
801,-103,,-102,-90.75
802,-100.45,,-102,-87.75
803,-100,,-102,-91.35
804,-100,,-102,-95.4
805,-100,,-102,-95.65
806,-100,,-101.1,-97.4
807,-100,,-100,-97.65
808,-100,,-100,-97.8
809,-100,,-100,-98
810,-100,,-100,-97.85
811,-100,,-100,-97.95
812,-100,,-100,-97.75
813,-100,,-100,-97.65
814,-100,,-100,-97.6
815,-100,,-100,-97.8
816,-100,,-100,-97.8
817,-100,,-100,-98.4
818,-100,,-100,-98
819,-100,,-100,-98.2
820,-100,,-100,-98.2
821,-100,,-100,-97.85
822,-100,,-100.45,-92.85
823,-100,,-101,-90
824,-100,,-101,-94.5
825,-100,,-98.75,-93.05
826,-100,,-96,-87.2
827,-100,,-96.3,-88.75
828,-100,,-100.7,-95.55
829,-100,,-100,-92.8
830,-100,,-100,-92.65
831,-100,,-100,-92.8
832,-100,,-100,-93.35
833,-100,,-100,-93
834,-100,,-100,-92.6
835,-100,,-100.05,-92.9
836,-100,,-101,-89.35
837,-100,,-101,-90.1
838,-100,,-100,-92.6
839,-98.3,,-97.6,-89.65
840,-98.05,,-94.3,-93.2
841,-102.5,,-91.25,-87.9
842,-101,,-89.4,-99.45
843,-98.6,,-94.2,-99.1
844,-97,,-94.5,-90.9
845,-97,,-98.35,-83.85
846,-97,,-96.25,-89.75
847,-97,,-95.5,-88.65
848,-101.25,,-89.3,-84.5
849,-102,,-93.5,-84.45
850,-102,,-89.75,-88.55
851,-98.85,,-94.5,-98.15
852,-87.55,,-83.95,-95.1
853,-82.8,,-81.9,-100.75
854,-89.35,,-89.6,-96.2
855,-84.95,,-75.8,-95.05
856,-71.8,,-70.1,-80.95
857,-71.9,,-72.05,-85.4
858,-74.8,,-73.1,-91.6
859,-70,,-76.8,-92.6
860,-72,,-73.8,-90.6
861,-69.25,,-79.6,-90.6
862,-65.2,,-80.6,-98.6
863,-70.85,,-80,-94.45
864,-70.7,,-79.95,-96.35
865,-70.1,,-79.2,-93.95
866,-66.85,,-79.75,-91
867,-69.7,,-85.35,-94.85
868,-63.9,,-98.9,-102.85
869,-65.75,,-98.85,-105
870,-72.2,,-93,-99.3
871,-74.15,,-93,-99
872,-72,,-93,-99
873,-71.45,,-93,-99
874,-66.6,,-93,-93.75
875,-69.05,,-93,-99.25
876,-70.95,,-93,-99
877,-71.4,,-93,-99
878,-73.3,,-93,-99
879,-71.1,,-93,-99
880,-71.25,,-93,-99
881,-70.85,,-93,-99
882,-76.65,,-93,-99
883,-77,,-93,-99
884,-76.75,,-93,-99
885,-73.45,,-93,-99
886,-73.6,,-93,-99
887,-72.45,,-93,-99
888,-74.25,,-93,-99
889,-74.2,,-93,-99
890,-73.6,,-93,-99
891,-73.65,,-93,-99
892,-73.6,,-93,-99
893,-72.55,,-93,-99
894,-77.95,,-93,-99
895,-72.65,,-93,-99
896,-72.2,,-93,-99
897,-72.85,,-93,-99
898,-72,,-93,-99
899,-74.1,,-93,-99
900,-69.7,,-93,-99
901,-70.55,,-93,-99
902,-73.15,,-93,-99
903,-69.6,,-93,-99
904,-72.65,,-93,-99
905,-73.55,,-93,-99
906,-74.4,,-93,-99
907,-72,,-93,-99
908,-70.6,,-93,-99
909,-72.2,,-93,-99
910,-69.6,,-93,-99
911,-68.6,,-93,-99
912,-70.6,,-93,-99
913,-73.6,,-93,-99
914,-72.2,,-93,-99
915,-74.4,,-93,-99
916,-70.6,,-93,-99
917,-68.8,,-93,-99
918,-65.4,,-93,-99
919,-63.4,,-93,-99
920,-68.2,,-93,-99
921,-66.4,,-93,-99
922,-67.8,,-93,-99
923,-67.4,,-93,-99
924,-68,,-93,-99
925,-69.8,,-93,-100.2
926,-72.2,,-93,-105
927,-72.6,,-93,-105
928,-73.6,,-93,-105
929,-72.8,,-93,-105
930,-68.8,,-93,-105
931,-70.2,,-93,-105
932,-71.8,,-93,-105
933,-72.8,,-93,-105
934,-72.2,,-93,-105
935,-72.6,,-93,-105
936,-70,,-93,-105
937,-71,,-93,-105
938,-73.4,,-93,-105
939,-70,,-93,-105
940,-74.4,,-93,-105
941,-71.2,,-93,-105
942,-72.8,,-93,-105
943,-65.6,,-93,-105
944,-66.8,,-93,-105
945,-64.6,,-93,-105
946,-63.4,,-93,-105
947,-64,,-95,-105
948,-67.8,,-95.4,-105
949,-73.6,,-84.2,-105
950,-73.2,,-75.8,-97.2
951,-81.2,,-77.2,-93.4
952,-85.6,,-88.4,-92.2
953,-91.4,,-83,-88
954,-84.2,,-82.6,-78.4
955,-88.4,,-77.2,-77
956,-88,,-73.6,-80.8
957,-89.5,,-72.7,-87.95
958,-90.35,,-71.95,-92.1
959,-83.7,,-71.8,-89.45
960,-89.85,,-69.35,-86.35
961,-97.7,,-68.65,-95.1
962,-104,,-65,-93.4
963,-104,,-62.4,-96.6
964,-104,,-67,-98.8
965,-104,,-66.75,-97.15
966,-104,,-68.7,-96.45
967,-104,,-74.05,-101.55
968,-104,,-72.4,-96.6
969,-104,,-71.3,-102.95
970,-104,,-75.8,-104
971,-104,,-83.25,-104
972,-104,,-88.65,-104
973,-104,,-81,-104
974,-104,,-79.35,-104
975,-104,,-81.1,-104
976,-104,,-78.5,-104
977,-104,,-84.75,-104
978,-104,,-89.05,-104
979,-104,,-88.3,-104
980,-104,,-86.65,-104
981,-104,,-90.8,-104
982,-104,,-88.35,-103.55
983,-104,,-88.3,-103
984,-104,,-79.25,-103
985,-104,,-84.1,-103
986,-104,,-81.4,-103
987,-104,,-77.65,-103
988,-104,,-82.9,-103
989,-104,,-96,-103
990,-104,,-92.15,-103
991,-104,,-92.95,-103
992,-104,,-93.7,-103
993,-104,,-92.85,-103
994,-104,,-87.35,-103
995,-104,,-81.35,-103
996,-104,,-82.95,-100.4
997,-104,,-81.2,-99
998,-104,,-83.25,-99
999,-104,,-81,-99
1000,-104,,-81,-99
1001,-104,,-80.6,-99
1002,-104,,-80.7,-99
1003,-104,,-84.1,-100.95
1004,-104,,-80,-102
1005,-104,,-79.75,-102
1006,-104,,-80.4,-102
1007,-104,,-83.2,-102
1008,-104,,-83.4,-102
1009,-104,,-85.1,-102
1010,-104,,-85.1,-102
1011,-104,,-84.8,-102
1012,-104,,-86.1,-102
1013,-104,,-82.8,-101.45
1014,-104,,-86.25,-98.8
1015,-104,,-87,-99.65
1016,-104,,-87.5,-98.55
1017,-104,,-86.35,-100.35
1018,-104,,-82.9,-100.7
1019,-104,,-84.1,-101.3
1020,-104,,-86.65,-102
1021,-104,,-87.75,-102
1022,-104,,-89.25,-102
1023,-104,,-80.2,-101.9
1024,-104,,-84.4,-100
1025,-104,,-82,-100
1026,-104,,-85.25,-102.6
1027,-104,,-87.95,-104
1028,-104,,-87.45,-104
1029,-104,,-84.3,-104
1030,-104,,-84.45,-104
1031,-104,,-85.35,-104
1032,-104,,-85.5,-104
1033,-104,,-85.6,-104
1034,-104,,-85.4,-104
1035,-104,,-79.7,-104
1036,-104,,-87.2,-104
1037,-104,,-87.5,-104
1038,-104,,-88.7,-104
1039,-104,,-88.5,-104
1040,-104,,-88.5,-104
1041,-104,,-91,-104
1042,-104,,-81.5,-104
1043,-104,,-85.1,-104
1044,-104,,-84.7,-104
1045,-104,,-85.5,-104
1046,-104,,-85.2,-104
1047,-104,,-86.65,-104
1048,-104,,-85.6,-104
1049,-104,,-86.4,-104
1050,-104,,-88.2,-104
1051,-104,,-83.4,-104
1052,-104,,-84.4,-102.8
1053,-104,,-80.4,-102
1054,-104,,-82.8,-103.2
1055,-104,,-81.4,-103.8
1056,-104,,-79.2,-102
1057,-104,,-80.4,-100
1058,-104,,-79.8,-100
1059,-104,,-80.6,-100
1060,-104,,-84.2,-101.6
1061,-104,,-81.8,-102
1062,-104,,-83.25,-99.2
1063,-104,,-79.95,-102
1064,-104,,-81.8,-102
1065,-104,,-81,-102
1066,-104,,-83,-102
1067,-104,,-86.1,-101.2
1068,-104,,-82.6,-96.5
1069,-104,,-84.9,-97.7
1070,-104,,-81,-96
1071,-104,,-84.4,-96
1072,-104,,-81.25,-97.9
1073,-104,,-81.65,-98
1074,-104,,-83,-98
1075,-104,,-83.4,-103.6
1076,-104,,-84.2,-98.4
1077,-104,,-89.6,-96.4
1078,-104,,-82.8,-99.2
1079,-104,,-82,-104
1080,-104,,-83.2,-104
1081,-104,,-86.8,-104
1082,-104,,-88.6,-104
1083,-104,,-89.6,-104
1084,-104,,-86,-104
1085,-104,,-84.6,-104
1086,-104,,-87.2,-104
1087,-104,,-86.2,-104
1088,-104,,-86.6,-104
1089,-104,,-87,-104
1090,-104,,-82,-104
1091,-104,,-85.4,-104
1092,-104,,-83.2,-104
1093,-104,,-82.8,-104
1094,-104,,-81.8,-104
1095,-104,,-86,-104
1096,-104,,-81.4,-104
1097,-104,,-84,-104
1098,-104,,-82.75,-104
1099,-104,,-82.9,-104
1100,-104,,-81.8,-104
1101,-104,,-82.2,-104
1102,-104,,-83.7,-104
1103,-104,,-84.8,-104
1104,-104,,-83.45,-104
1105,-104,,-85.65,-104
1106,-104,,-85.65,-104
1107,-104,,-83.55,-104
1108,-104,,-80.95,-104.45
1109,-104,,-81.2,-105
1110,-104,,-83.25,-103.4
1111,-104,,-86.3,-97.65
1112,-104,,-87.6,-98
1113,-104,,-85.2,-98.45
1114,-104,,-84.55,-99
1115,-104,,-80.8,-99.75
1116,-104,,-84.65,-100.05
1117,-104,,-80.95,-98.95
1118,-104,,-80.3,-94
1119,-104,,-80,-94
1120,-104,,-84.3,-93.7
1121,-104,,-82.5,-91.7
1122,-104,,-84,-93.7
1123,-104,,-83.9,-91.1
1124,-104,,-85.3,-95.4
1125,-104,,-84.1,-101.5
1126,-104,,-88.5,-103
1127,-104,,-85.7,-103
1128,-104,,-85.5,-103
1129,-104,,-84,-103
1130,-104,,-85.7,-103
1131,-104,,-86.5,-102.4
1132,-104,,-86.3,-102.3
1133,-104,,-84,-97.1
1134,-104,,-85.8,-95
1135,-104,,-84.2,-102.2
1136,-104,,-83.9,-100
1137,-104,,-91.5,-99
1138,-104,,-88.6,-99
1139,-104,,-89.4,-99
1140,-104,,-89.4,-99
1141,-104,,-88.1,-99
1142,-104,,-84.4,-99
1143,-104,,-84.2,-99
1144,-104,,-84.6,-99
1145,-104,,-84.8,-99
1146,-104,,-82.9,-99
1147,-104,,-86.9,-99
1148,-104,,-90.4,-99
1149,-104,,-90.1,-99
1150,-104,,-90,-99
1151,-104,,-82.8,-99
1152,-104,,-84.5,-99
1153,-104,,-84,-99
1154,-104,,-85,-99
1155,-104,,-84,-99
1156,-104,,-85.2,-99
1157,-104,,-85.1,-99
1158,-104,,-87.3,-99
1159,-104,,-88.7,-99
1160,-104,,-88.1,-99
1161,-104,,-91.2,-99
1162,-104,,-84,-99
1163,-104,,-79.7,-99.9
1164,-104,,-84.1,-102
1165,-104,,-83.4,-102
1166,-104,,-82.8,-102
1167,-104,,-82.5,-102
1168,-104,,-82.1,-102
1169,-104,,-81.5,-102
1170,-104,,-81.7,-102
1171,-104,,-85.4,-102.3
1172,-104,,-81.2,-100.7
1173,-104,,-81.5,-102
1174,-104,,-80,-95
1175,-104,,-81.3,-96.6
1176,-104,,-82.4,-96.4
1177,-104,,-82,-96
1178,-104,,-83.6,-96
1179,-104,,-83.6,-96
1180,-104,,-84.5,-96
1181,-104,,-84.2,-96.6
1182,-104,,-83.5,-101.7
1183,-104,,-83.4,-102
1184,-104,,-83.4,-105
1185,-104,,-84.7,-105
1186,-104,,-85.3,-105
1187,-104,,-86,-104.2
1188,-104,,-83.4,-95.3
1189,-104,,-84.6,-101.2
1190,-104,,-83.7,-99.3
1191,-104,,-80.7,-99
1192,-104,,-90.7,-100
1193,-104,,-92.1,-101
1194,-104,,-95.9,-101
1195,-104,,-95.3,-101
1196,-104,,-94,-101
1197,-104,,-88.9,-101
1198,-104,,-85.2,-101
1199,-104,,-83.7,-101
1200,-104,,-84,-101
1201,-104,,-83.8,-101
1202,-104,,-83.8,-101
1203,-104,,-82.45,-101
1204,-104,,-85.1,-101
1205,-104,,-85.9,-101
1206,-104,,-86.05,-101
1207,-104,,-82.75,-101
1208,-104,,-84.8,-101
1209,-104,,-86.6,-101
1210,-104,,-86.25,-101
1211,-104,,-87.1,-101
1212,-104,,-86.5,-101
1213,-104,,-85.85,-101
1214,-104,,-87.45,-101
1215,-104,,-85,-101
1216,-104,,-84,-101
1217,-104,,-83.6,-101
1218,-104,,-84,-101
1219,-104,,-83.4,-101
1220,-104,,-85.15,-101
1221,-104,,-78.9,-100.25
1222,-104,,-85.4,-100
1223,-104,,-91,-96.4
1224,-104,,-88.6,-101.8
1225,-104,,-87.6,-103
1226,-104,,-79.2,-103
1227,-104,,-82,-103
1228,-104,,-81.8,-99
1229,-104,,-82,-98
1230,-104,,-85.8,-98
1231,-104,,-82,-96
1232,-104,,-81.6,-97
1233,-104,,-81.6,-99.6
1234,-104,,-82.4,-102
1235,-104,,-81.4,-100.6
1236,-104,,-85.6,-99
1237,-104,,-82.8,-99
1238,-104,,-89.8,-99
1239,-104,,-84.6,-99
1240,-104,,-82.4,-98.4
1241,-104,,-80.2,-98.8
1242,-104,,-79.2,-102
1243,-104,,-86.8,-99
1244,-104,,-83.6,-99
1245,-104,,-80.2,-102.2
1246,-104,,-89.2,-101.8
1247,-104,,-94.6,-97
1248,-104,,-95,-97.8
1249,-104,,-94.6,-98.6
1250,-104,,-88,-99
1251,-104,,-83.4,-99
1252,-104,,-83.2,-99
1253,-104,,-83.6,-99
1254,-104,,-83.4,-99
1255,-104,,-84.6,-99
1256,-104,,-83.4,-99
1257,-104,,-80,-99
1258,-104,,-86,-99
1259,-104,,-85,-99
1260,-104,,-86.2,-99
1261,-104,,-87.2,-99
1262,-104,,-82.4,-99
1263,-104,,-84.8,-99
1264,-104,,-84.8,-99
1265,-104,,-85.2,-99
1266,-104,,-85.2,-99
1267,-104,,-85.6,-99
1268,-104,,-85.4,-100
1269,-104,,-84.2,-104
1270,-104,,-84.6,-104
1271,-104,,-80.8,-104
1272,-104,,-80,-104
1273,-104,,-84.8,-104
1274,-104,,-80.4,-103
1275,-104,,-80.8,-99
1276,-104,,-84,-99
1277,-104,,-84.2,-99
1278,-104,,-84,-99
1279,-104,,-84,-99
1280,-104,,-84,-99
1281,-104,,-84,-99
1282,-104,,-85,-101.4
1283,-104,,-84.8,-104
1284,-104,,-81,-104
1285,-104,,-80.8,-104
1286,-104,,-78.8,-104
1287,-104,,-75,-104
1288,-104,,-79.6,-104
1289,-104,,-77.6,-104
1290,-104,,-69.8,-104
1291,-104,,-71,-104
1292,-104,,-73.6,-104
1293,-104,,-72.6,-104
1294,-104,,-67.4,-104
1295,-104,,-67.2,-104
1296,-104,,-67.2,-104
1297,-104,,-63.2,-104
1298,-104,,-66.2,-100.4
1299,-104,,-65.6,-95
1300,-104,,-67.8,-95
1301,-104,,-67.6,-95
1302,-104,,-72.2,-95
1303,-104,,-81,-95
1304,-104,,-81,-95
1305,-104,,-77.4,-95
1306,-104,,-81.8,-95
1307,-104,,-82.8,-95
1308,-104,,-82.35,-95
1309,-104,,-74.85,-95
1310,-104,,-70.3,-95
1311,-104,,-66.8,-95
1312,-104,,-67.6,-95
1313,-104,,-68,-95
1314,-104,,-68,-95
1315,-104,,-68,-95
1316,-104,,-68,-95
1317,-104,,-68.2,-95
1318,-104,,-68,-95
1319,-104,,-68,-95
1320,-104,,-68,-95
1321,-104,,-68.2,-95
1322,-104,,-67.3,-95
1323,-104,,-75.45,-95
1324,-104,,-80.3,-95
1325,-104,,-81.8,-95
1326,-104,,-74.05,-95
1327,-104,,-71.1,-95
1328,-104,,-71.35,-95
1329,-104,,-69.95,-95
1330,-104,,-71.4,-95
1331,-104,,-70,-95
1332,-104,,-71.35,-95
1333,-104,,-72.35,-95
1334,-104,,-74.25,-95
1335,-104,,-70.2,-95
1336,-104,,-71.95,-95
1337,-104,,-69.65,-95
1338,-104,,-68.75,-95
1339,-104,,-66.1,-95
1340,-104,,-65.6,-95
1341,-104,,-66.25,-95
1342,-104,,-67.5,-95
1343,-104,,-68.4,-95
1344,-104,,-68.8,-95
1345,-104,,-67.3,-95
1346,-104,,-66.6,-95
1347,-104,,-67,-95
1348,-104,,-67,-95
1349,-104,,-67.1,-95
1350,-104,,-67.3,-95
1351,-104,,-69.45,-95
1352,-104,,-67.3,-95
1353,-104,,-67.2,-95
1354,-104,,-66.45,-95
1355,-104,,-66.2,-95
1356,-104,,-67.25,-95
1357,-104,,-68,-95
1358,-104,,-68,-95
1359,-104,,-68,-95
1360,-104,,-68,-95
1361,-104,,-75,-95
1362,-104,,-74.15,-95
1363,-104,,-76.25,-95
1364,-104,,-72.65,-95
1365,-104,,-68.45,-95
1366,-104,,-65.65,-95
1367,-104,,-69.9,-95
1368,-104,,-66.7,-95
1369,-104,,-70.2,-95
1370,-104,,-77.15,-95
1371,-104,,-65.2,-95
1372,-104,,-68.75,-96.1
1373,-104,,-72.4,-91.65
1374,-104,,-75.3,-91.2
1375,-104,,-78.55,-95.1
1376,-104,,-77.65,-91.6
1377,-104,,-77.85,-87.7
1378,-104,,-64.75,-94.9
1379,-104,,-74.55,-84.65
1380,-104,,-76.95,-89.1
1381,-104,,-74.05,-91.45
1382,-104,,-71.65,-94.3
1383,-104,,-73.2,-93.45
1384,-104,,-77.6,-84.85
1385,-104,,-80.45,-83.75
1386,-104,,-79.3,-80.35
1387,-104,,-80.05,-89.8
1388,-104,,-75.8,-97.4
1389,-104,,-79.4,-98
1390,-104,,-83.6,-97.4
1391,-104,,-78.1,-94.6
1392,-104,,-83,-96.2
1393,-104,,-84.2,-99
1394,-104,,-89.1,-100.3
1395,-104,,-88.4,-89.8
1396,-104,,-83,-91.8
1397,-104,,-78.1,-87.1
1398,-104,,-74.8,-90.6
1399,-104,,-76.3,-88.1
1400,-104,,-74.2,-92.9
1401,-104,,-71.8,-97.7
1402,-104,,-72.4,-93.3
1403,-104,,-74.3,-84.3
1404,-104,,-74.7,-88.1
1405,-104,,-72.4,-93.9
1406,-104,,-74.8,-91.1
1407,-104,,-77.1,-91.8
1408,-104,,-70.8,-87.2
1409,-104,,-67.6,-89.2
1410,-103.1,,-68.9,-86
1411,-101,,-60,-93.7
1412,-101,,-55.9,-102.9
1413,-101,,-59,-97.5
1414,-101,,-57.8,-88.1
1415,-101,,-68.3,-88.1
1416,-101,,-80.2,-90
1417,-101,,-85.2,-104.2
1418,-100.7,,-84.5,-105
1419,-94.9,,-79,-105
1420,-98.4,,-81.1,-105
1421,-93,,-79.2,-105
1422,-93,,-77.4,-102.3
1423,-95,,-76.7,-101.3
1424,-97,,-80.5,-98.9
1425,-96.3,,-78.2,-101.5
1426,-91.4,,-81.3,-103
1427,-96.6,,-80.7,-104
1428,-100.1,,-81.5,-105
1429,-101,,-78.9,-103.8
1430,-101,,-75.6,-101
1431,-101,,-81.9,-101
1432,-101,,-94,-101
1433,-101,,-89.1,-101
1434,-101,,-90.3,-101
1435,-101,,-89.8,-101
1436,-101,,-90.6,-101
1437,-101,,-90.4,-101
1438,-101,,-89.1,-101
1439,-101,,-90.2,-101
1440,-101,,-87.6,-101
1441,-101,,-86.9,-101
1442,-101,,-90.6,-101
1443,-101,,-82.7,-101
1444,-101,,-87.3,-101
1445,-101,,-100.1,-101
1446,-101,,-89.4,-101
1447,-101,,-85,-101
1448,-101,,-84.9,-101
1449,-101,,-87,-101
1450,-101,,-85.9,-101
1451,-101,,-88.6,-101
1452,-101,,-87.3,-101
1453,-101,,-86.7,-101
1454,-101,,-88.8,-101
1455,-101,,-89.2,-101
1456,-101,,-87.1,-101
1457,-101,,-89.8,-101
1458,-101,,-85.5,-101
1459,-100.9,,-87.4,-101
1460,-100,,-83.4,-101
1461,-100,,-82.1,-101
1462,-100,,-81.8,-101
1463,-100,,-80.7,-101
1464,-100.4,,-79.4,-101
1465,-104,,-79.7,-101
1466,-104,,-79.1,-101
1467,-100.3,,-76.3,-101
1468,-99,,-76.4,-101
1469,-99,,-76.2,-99.1
1470,-99,,-75.5,-98.9
1471,-99.2,,-79.1,-103.6
1472,-101.6,,-78.5,-105
1473,-101,,-79.4,-105
1474,-102.5,,-81.2,-105
1475,-102.6,,-78.1,-105
1476,-102,,-76.6,-105
1477,-102,,-79.2,-105
1478,-102,,-78.6,-105
1479,-102.6,,-78.9,-104
1480,-103.3,,-81.8,-101
1481,-103,,-78.7,-101
1482,-103,,-80.9,-101
1483,-103,,-82.6,-101.3
1484,-103,,-85.3,-102
1485,-103.5,,-83.4,-102
1486,-98.6,,-81.3,-102
1487,-98,,-80.9,-102
1488,-98.3,,-81.3,-102
1489,-98.7,,-84,-99.5
1490,-101.5,,-79.6,-97
1491,-102.1,,-81.2,-94.3
1492,-100,,-77.7,-94
1493,-100,,-80,-97.3
1494,-100,,-80,-104.5
1495,-100,,-81.4,-100
1496,-100,,-77.7,-100
1497,-100,,-78,-100
1498,-100,,-77.3,-100
1499,-100,,-77.4,-100
1500,-100,,-78.1,-99.3
1501,-100,,-77.4,-99
1502,-100,,-82.4,-99
1503,-100,,-79.8,-102.7
1504,-100,,-77.4,-96.2
1505,-100,,-79.7,-94.9
1506,-100,,-75.5,-97
1507,-100,,-74,-97
1508,-100,,-74,-98.5
1509,-100,,-74.6,-102
1510,-98.6,,-74.2,-102
1511,-98,,-74.9,-102
1512,-98,,-75.6,-102
1513,-98,,-74.8,-102
1514,-100.1,,-75.6,-102
1515,-101.3,,-74.3,-102
1516,-104.1,,-75.6,-102
1517,-105,,-76,-102
1518,-105,,-75.8,-102
1519,-105,,-76.5,-102
1520,-104.3,,-77.8,-102
1521,-98,,-78.6,-102
1522,-98,,-77.7,-102
1523,-98,,-78.2,-102
1524,-98,,-79.4,-102
1525,-98,,-78,-102
1526,-98,,-77.8,-102
1527,-98,,-78.1,-102
1528,-98,,-77.7,-102
1529,-98,,-77.8,-102
1530,-98,,-78.5,-102
1531,-98,,-76.9,-102
1532,-98,,-77.8,-102
1533,-98,,-78,-102
1534,-98,,-76.9,-102
1535,-98,,-74.3,-102
1536,-98,,-74,-102
1537,-98,,-76.2,-102
1538,-98,,-83.2,-100
1539,-98,,-81,-99.1
1540,-97.6,,-78.8,-101
1541,-97.5,,-81.2,-101
1542,-99,,-79.2,-101
1543,-96.7,,-80.9,-101
1544,-98.8,,-79.7,-101
1545,-102.1,,-82.2,-101
1546,-98.6,,-79.8,-101
1547,-97.5,,-77.7,-101
1548,-98,,-78.6,-101
1549,-98.3,,-77.4,-101
1550,-101,,-77.6,-101
1551,-95.3,,-79.9,-101
1552,-96.3,,-77.8,-101
1553,-97.3,,-77.1,-101
1554,-97,,-82.7,-101
1555,-99.6,,-78,-101
1556,-102.4,,-83,-101
1557,-97.1,,-79.8,-101
1558,-99.5,,-76.2,-101
1559,-98,,-78.6,-99.2
1560,-98,,-78.1,-99
1561,-98,,-81.1,-99
1562,-98,,-80.2,-99
1563,-98,,-79.8,-99
1564,-98,,-77.8,-99
1565,-98,,-77.5,-99
1566,-98,,-75.3,-99
1567,-98,,-77.2,-99
1568,-98,,-82.2,-98.3
1569,-98,,-81.2,-103.4
1570,-99.8,,-80.5,-104
1571,-102.6,,-82.3,-102.6
1572,-101.8,,-75.8,-102
1573,-100,,-76.2,-102
1574,-100.9,,-81.6,-102
1575,-102.8,,-79,-100.4
1576,-103,,-78.5,-103.3
1577,-103,,-77.7,-105
1578,-102.9,,-76.7,-105
1579,-97.6,,-82.1,-105
1580,-101.3,,-82.1,-100.9
1581,-103,,-65.7,-95.8
1582,-97.7,,-69.8,-93.5
1583,-95.8,,-76.9,-83.3
1584,-90,,-76.4,-87.6
1585,-83.4,,-72.7,-85.3
1586,-72.1,,-76.6,-89.8
1587,-82.7,,-81.8,-97
1588,-99.8,,-89.2,-98.1
1589,-102,,-97.7,-85
1590,-102,,-95.8,-91.6
1591,-101.1,,-96.5,-93.3
1592,-100.4,,-97.1,-94.6
1593,-95.8,,-98.4,-96.5
1594,-97,,-99,-84.2
1595,-97,,-99.9,-87.4
1596,-97,,-97.8,-94.1
1597,-97.7,,-96.3,-94.9
1598,-98,,-101.4,-97.6
1599,-98,,-105,-93
1600,-98,,-105,-90.6
1601,-96.65,,-98.3,-93.15
1602,-97,,-98.1,-94.25
1603,-100.85,,-95.1,-93.45
1604,-100,,-95,-85.15
1605,-100,,-95,-87
1606,-100,,-95,-83.8
1607,-100,,-95,-84.2
1608,-100,,-95,-82.8
1609,-100,,-95,-82
1610,-100,,-95,-82.8
1611,-100,,-95,-82
1612,-100,,-95,-84.4
1613,-100,,-95,-85.6
1614,-100.4,,-96.6,-81.4
1615,-80.6,,-95.2,-98.6
1616,-80,,-97.8,-100.4
1617,-92.2,,-92.4,-94.4
1618,-88,,-81.8,-96.4
1619,-75.4,,-72.2,-94.4
1620,-89,,-84.2,-94.8
1621,-87.8,,-86,-99
1622,-87.8,,-86,-99
1623,-83.6,,-87.4,-103.2
1624,-81.4,,-83.8,-105
1625,-89.4,,-83,-97
1626,-82.2,,-84,-99.8
1627,-79.4,,-76.8,-100.6
1628,-85.6,,-75.6,-80.2
1629,-98.8,,-85.2,-72.4
1630,-90.6,,-83,-68
1631,-83.4,,-86.4,-68.8
1632,-77.2,,-82.4,-78
1633,-81.6,,-86.2,-78.6
1634,-80.2,,-90.2,-77.8
1635,-81.2,,-90,-77.6
1636,-82.6,,-90.2,-79.4
1637,-81.6,,-89,-77.8
1638,-81,,-88.8,-78.2
1639,-80.2,,-88.8,-78.8
1640,-81.2,,-89.2,-79.8
1641,-81,,-88.6,-79.6
1642,-79.6,,-88.4,-79.8
1643,-82.2,,-89.2,-79
1644,-81.8,,-86.4,-80
1645,-81.6,,-87.2,-79.4
1646,-80.2,,-87.6,-79.8
1647,-79.2,,-86.8,-82
1648,-79.4,,-86.8,-82.2
1649,-80.2,,-85.8,-81.8
1650,-80.2,,-86.6,-79.8
1651,-80.2,,-89.2,-79.2
1652,-80.8,,-89.2,-78
1653,-82,,-89,-78
