Seconds,Kitchen_AP,Lounge_AP,Upstairs_AP,Study_AP,Room
1,-83.8,,-93.9,-83.6,-1
2,-91.1,,-96.7,-76.4,-1
3,-91.5,,-95.6,-75.4,-1
4,-83.2,,-94.4,-77.2,-1
5,-88.8,,-97.4,-78.3,-1
6,-91.9,,-96.9,-84.5,-1
7,-89.1,,-96.4,-83.5,-1
8,-90.4,,-97.2,-76.0,-1
9,-78.2,,-91.0,-73.9,-1
10,-78.2,,-88.8,-76.3,-1
11,-83.1,,-87.3,-77.3,-1
12,-80.8,,-84.3,-76.5,-1
13,-85.3,,-91.4,-83.9,-1
14,-84.6,,-91.3,-84.0,-1
15,-84.1,,-90.9,-86.0,-1
16,-86.3,,-93.1,-86.8,-1
17,-86.5,,-92.7,-83.6,-1
18,-83.7,,-93.5,-85.4,-1
19,-82.3,,-93.2,-84.5,-1
20,-83.0,,-93.9,-81.3,-1
21,-83.8,,-92.5,-79.5,-1
22,-82.9,,-92.5,-85.2,-1
23,-87.5,,-92.4,-82.7,-1
24,-83.6,,-87.0,-81.6,-1
25,-83.9,,-83.6,-85.4,-1
26,-85.5,,-85.1,-84.6,-1
27,-84.9,,-84.8,-85.1,-1
28,-83.0,,-82.6,-83.2,-1
29,-82.6,,-83.8,-79.0,-1
30,-83.2,,-84.0,-78.0,-1
31,-84.6,,-84.9,-78.7,-1
32,-84.5,,-84.3,-78.6,-1
33,-84.5,,-84.1,-80.5,-1
34,-84.3,,-85.7,-87.4,-1
35,-83.2,,-87.0,-80.8,-1
36,-83.1,,-78.9,-79.6,-1
37,-88.2,,-83.3,-69.9,-1
38,-91.2,,-88.3,-74.2,-1
39,-87.9,,-79.9,-84.2,-1
40,-89.0,,-84.7,-85.8,-1
41,-77.9,,-76.1,-89.3,-1
42,-79.2,,-83.2,-83.0,-1
43,-82.5,,-79.0,-84.2,-1
44,-82.1,,-84.3,-85.4,-1
45,-87.1,,-83.8,-86.2,-1
46,-86.8,,-83.4,-82.2,-1
47,-82.2,,-80.9,-78.0,-1
48,-83.8,,-80.0,-78.0,-1
49,-79.9,,-79.7,-82.8,3
50,-80.0,,-79.9,-82.7,3
51,-80.2,,-79.5,-76.2,3
52,-79.9,,-79.2,-77.4,5
53,-79.2,,-79.6,-82.2,5
54,-79.5,,-79.9,-77.2,5
55,-79.7,,-80.0,-77.0,5
56,-79.5,,-80.0,-77.5,5
57,-80.3,,-80.0,-78.0,5
58,-80.3,,-80.0,-78.0,5
59,-80.5,,-80.0,-78.2,5
60,-83.3,,-81.0,-81.6,5
61,-80.7,,-80.0,-78.1,5
62,-80.3,,-80.0,-78.7,5
63,-80.0,,-79.8,-83.6,5
64,-79.9,,-79.7,-79.4,5
65,-80.6,,-79.2,-79.4,5
66,-84.9,,-80.7,-79.2,5
67,-87.1,,-82.8,-84.9,5
68,-80.0,,-76.1,-81.3,5
69,-78.0,,-76.9,-84.4,5
70,-77.6,,-77.6,-85.6,5
71,-75.9,,-78.9,-81.6,5
72,-76.5,,-79.4,-81.2,5
73,-75.8,,-78.9,-83.6,5
74,-75.0,,-77.8,-82.2,5
75,-75.0,,-77.9,-84.9,5
76,-75.8,,-78.8,-89.9,5
77,-77.4,,-79.0,-84.8,5
78,-77.6,,-78.7,-82.2,5
79,-77.9,,-78.0,-87.4,5
80,-86.9,,-81.4,-88.7,5
81,-83.4,,-81.8,-86.7,5
82,-76.6,,-78.6,-83.7,5
83,-76.7,,-78.4,-80.2,5
84,-76.6,,-78.4,-81.7,5
85,-80.6,,-87.3,-81.2,5
86,-92.0,,-84.7,-85.3,5
87,-86.1,,-83.1,-85.0,5
88,-96.6,,-93.6,-97.5,5
89,-101.6,,-96.8,-95.0,5
90,-97.5,,-91.7,-97.4,5
91,-90.7,,-89.0,-96.3,5
92,-92.8,,-92.3,-98.5,5
93,-97.0,,-97.7,-90.5,5
94,-95.0,,-98.0,-88.8,5
95,-95.0,,-100.8,-89.1,5
96,-95.0,,-102.2,-90.4,5
97,-95.0,,-100.0,-92.6,5
98,-95.0,,-100.0,-86.9,5
99,-95.0,,-100.0,-87.2,5
100,-95.0,,-100.0,-91.4,5
101,-95.0,,-100.0,-90.6,5
102,-95.0,,-100.0,-89.5,5
103,-95.0,,-100.0,-86.5,5
104,-99.9,,-99.8,-90.6,5
105,-103.8,,-98.1,-96.0,5
106,-101.4,,-97.4,-95.3,5
107,-98.0,,-99.7,-91.5,5
108,-98.0,,-102.4,-92.4,5
109,-98.0,,-97.7,-96.4,5
110,-98.0,,-101.0,-90.3,5
111,-98.0,,-103.2,-86.9,5
112,-99.5,,-105.0,-94.3,5
113,-103.0,,-103.3,-93.7,5
114,-103.0,,-100.0,-86.9,5
115,-103.0,,-100.0,-89.2,5
116,-98.1,,-100.0,-88.4,5
117,-100.5,,-98.6,-85.6,5
118,-99.8,,-98.0,-93.6,5
119,-97.0,,-98.0,-93.4,5
120,-99.3,,-98.0,-93.8,5
121,-102.0,,-98.0,-89.0,5
122,-102.6,,-99.8,-82.4,5
123,-104.0,,-100.0,-82.6,5
124,-104.0,,-100.0,-82.1,5
125,-104.0,,-100.0,-84.0,5
126,-104.0,,-100.0,-81.4,5
127,-104.0,,-100.0,-81.9,5
128,-104.0,,-100.0,-81.3,5
129,-104.0,,-100.0,-81.6,5
130,-103.4,,-100.0,-85.6,5
131,-98.0,,-100.0,-87.9,5
132,-98.0,,-100.0,-82.8,5
133,-98.0,,-100.0,-82.3,5
134,-98.0,,-100.0,-85.1,5
135,-98.0,,-100.0,-85.3,5
136,-98.0,,-100.0,-85.9,5
137,-98.0,,-100.0,-86.0,5
138,-98.0,,-100.0,-86.0,5
139,-98.0,,-100.0,-86.0,5
140,-98.0,,-100.0,-90.6,5
141,-98.0,,-100.0,-96.2,5
142,-98.0,,-100.0,-92.6,5
143,-98.0,,-100.0,-84.6,5
144,-98.0,,-100.0,-86.2,5
145,-98.0,,-100.0,-86.4,5
146,-98.0,,-100.0,-86.0,5
147,-98.0,,-100.0,-85.8,5
148,-98.0,,-100.0,-85.7,5
149,-98.0,,-100.0,-88.1,5
150,-98.0,,-100.0,-90.2,5
151,-98.0,,-100.0,-90.3,5
152,-98.0,,-100.0,-83.45,5
153,-98.0,,-100.0,-85.3,5
154,-98.0,,-100.0,-86.85,5
155,-98.0,,-100.0,-89.95,5
156,-98.0,,-100.0,-85.85,5
157,-98.0,,-100.0,-84.2,5
158,-98.0,,-100.0,-84.8,5
159,-98.0,,-100.0,-84.25,5
160,-98.0,,-100.0,-84.2,5
161,-98.0,,-100.0,-84.3,5
162,-98.0,,-99.55,-97.0,5
163,-98.0,,-97.0,-94.2,5
164,-98.0,,-97.0,-85.55,5
165,-98.0,,-97.0,-84.25,5
166,-98.0,,-97.0,-90.05,5
167,-98.0,,-97.0,-91.1,5
168,-98.0,,-97.0,-91.35,5
169,-98.0,,-97.0,-90.7,5
170,-98.0,,-97.0,-91.15,5
171,-94.2,,-97.0,-91.6,5
172,-94.0,,-97.0,-102.45,5
173,-94.0,,-97.0,-102.55,5
174,-94.0,,-97.0,-94.5,5
175,-94.0,,-97.0,-93.4,5
176,-94.0,,-97.75,-89.2,5
177,-94.0,,-101.35,-89.35,5
178,-94.0,,-102.05,-89.25,5
179,-94.0,,-102.3,-89.2,5
180,-94.0,,-102.15,-88.5,5
181,-94.0,,-101.0,-90.05,5
182,-94.0,,-101.0,-85.35,5
183,-94.0,,-101.0,-88.05,5
184,-94.0,,-101.0,-88.9,5
185,-94.0,,-101.0,-93.45,5
186,-94.0,,-101.0,-99.0,5
187,-94.0,,-101.0,-97.75,5
188,-94.0,,-101.0,-95.15,5
189,-94.0,,-101.0,-95.35,5
190,-94.0,,-101.0,-95.0,5
191,-94.0,,-101.0,-99.6,5
192,-94.0,,-101.0,-97.2,5
193,-94.0,,-101.0,-88.45,5
194,-94.0,,-101.0,-92.05,5
195,-94.0,,-101.0,-83.65,5
196,-94.0,,-101.0,-87.8,5
197,-94.0,,-101.0,-84.8,5
198,-94.0,,-101.0,-80.8,5
199,-94.0,,-101.0,-79.4,5
200,-94.0,,-101.0,-78.8,5
201,-94.0,,-101.0,-89.8,5
202,-94.0,,-101.0,-89.4,5
203,-94.0,,-101.0,-88.0,5
204,-94.0,,-101.0,-85.8,5
205,-94.0,,-101.0,-88.2,5
206,-94.0,,-101.0,-87.8,5
207,-94.0,,-101.0,-82.6,5
208,-94.0,,-101.0,-81.4,5
209,-94.0,,-101.0,-80.0,5
210,-94.0,,-101.0,-80.0,5
211,-94.0,,-101.0,-84.8,5
212,-94.0,,-101.0,-99.0,5
213,-94.0,,-101.0,-90.8,5
214,-94.0,,-101.0,-90.8,5
215,-94.0,,-101.0,-90.0,5
216,-94.0,,-101.0,-90.2,5
217,-94.0,,-100.0,-95.2,5
218,-94.0,,-99.6,-95.8,5
219,-94.0,,-100.0,-97.6,5
220,-94.0,,-100.0,-97.2,5
221,-94.0,,-100.0,-97.2,5
222,-94.0,,-99.2,-92.0,5
223,-94.0,,-99.0,-92.2,5
224,-94.0,,-99.0,-96.0,5
225,-94.0,,-100.0,-94.6,5
226,-94.0,,-101.0,-95.4,5
227,-94.0,,-101.0,-96.0,5
228,-94.0,,-101.0,-95.8,5
229,-94.0,,-100.4,-92.8,5
230,-98.0,,-98.0,-94.4,5
231,-104.0,,-98.4,-91.2,5
232,-104.0,,-98.0,-89.6,5
233,-104.0,,-97.8,-90.4,5
234,-104.0,,-98.0,-89.0,5
235,-104.0,,-102.0,-90.8,5
236,-104.0,,-102.0,-88.2,5
237,-104.0,,-102.0,-94.2,5
238,-104.0,,-102.0,-97.0,5
239,-104.0,,-102.0,-94.8,5
240,-104.0,,-102.0,-93.2,5
241,-104.0,,-102.0,-94.0,5
242,-104.0,,-102.0,-93.8,5
243,-104.0,,-102.0,-86.8,5
244,-104.0,,-103.0,-86.25,5
245,-104.0,,-103.0,-87.2,5
246,-104.0,,-103.0,-83.9,5
247,-104.0,,-103.0,-87.4,5
248,-104.0,,-103.0,-82.3,5
249,-104.0,,-103.0,-85.2,5
250,-104.0,,-103.0,-84.15,5
251,-104.0,,-103.0,-85.45,5
252,-104.0,,-103.0,-91.35,5
253,-104.0,,-103.0,-91.65,5
254,-104.0,,-103.0,-92.0,5
255,-104.0,,-103.0,-92.5,5
256,-104.0,,-103.0,-92.3,5
257,-104.0,,-103.0,-88.6,5
258,-104.0,,-103.0,-84.8,5
259,-104.0,,-103.0,-81.35,5
260,-103.0,,-103.0,-81.8,5
261,-102.55,,-103.0,-81.2,5
262,-103.0,,-103.0,-82.9,5
263,-103.0,,-102.7,-91.55,5
264,-103.0,,-97.0,-96.85,5
265,-103.0,,-97.0,-90.15,5
266,-103.0,,-97.1,-92.9,5
267,-102.4,,-99.75,-95.65,5
268,-103.0,,-98.0,-96.35,5
269,-103.0,,-98.0,-96.05,5
270,-103.0,,-98.0,-97.8,5
271,-103.0,,-98.0,-96.15,5
272,-103.0,,-98.15,-95.8,5
273,-103.0,,-97.0,-92.95,5
274,-103.0,,-97.75,-92.75,5
275,-103.0,,-100.0,-91.65,5
276,-103.0,,-99.75,-94.35,5
277,-103.0,,-99.0,-88.6,5
278,-103.0,,-100.65,-91.5,5
279,-101.05,,-98.55,-88.25,5
280,-99.95,,-100.85,-93.0,5
281,-99.0,,-101.1,-91.15,5
282,-99.0,,-102.0,-87.8,5
283,-99.0,,-102.0,-88.0,5
284,-99.0,,-100.3,-88.2,5
285,-99.0,,-100.9,-88.55,5
286,-99.0,,-102.0,-90.9,5
287,-99.0,,-102.0,-93.85,5
288,-99.0,,-102.0,-92.6,5
289,-99.0,,-102.0,-96.55,5
290,-99.0,,-102.0,-98.65,5
291,-99.0,,-102.0,-97.55,5
292,-99.0,,-102.0,-93.9,5
293,-99.0,,-101.95,-85.95,5
294,-99.0,,-101.0,-90.6,5
295,-99.0,,-101.0,-88.7,5
296,-99.0,,-101.0,-86.4,5
297,-99.0,,-101.0,-86.25,5
298,-99.0,,-101.0,-80.75,5
299,-99.0,,-101.0,-79.35,5
300,-99.0,,-101.0,-80.6,5
301,-99.0,,-101.0,-79.85,5
302,-99.0,,-101.0,-81.1,5
303,-101.6,,-101.0,-89.9,5
304,-103.0,,-101.0,-94.05,5
305,-103.0,,-101.0,-90.0,5
306,-103.0,,-101.0,-89.15,5
307,-103.0,,-101.0,-88.2,5
308,-103.0,,-101.0,-88.5,5
309,-103.0,,-101.0,-80.4,5
310,-103.0,,-101.0,-82.25,5
311,-103.0,,-101.0,-82.55,5
312,-103.0,,-101.0,-82.6,5
313,-103.0,,-101.0,-82.0,5
314,-103.0,,-101.0,-92.5,5
315,-101.05,,-101.0,-98.7,5
316,-100.0,,-101.0,-89.85,5
317,-100.0,,-101.0,-92.8,5
318,-100.0,,-101.0,-94.5,5
319,-100.0,,-101.0,-89.6,5
320,-100.0,,-100.8,-86.1,5
321,-100.0,,-99.7,-93.2,5
322,-100.0,,-100.0,-90.8,5
323,-100.0,,-101.5,-92.8,5
324,-100.0,,-103.0,-93.2,5
325,-100.0,,-103.0,-95.3,5
326,-100.0,,-103.0,-97.3,5
327,-100.0,,-103.0,-93.8,5
328,-100.0,,-103.0,-91.7,5
329,-100.0,,-103.0,-92.3,5
330,-100.0,,-103.0,-89.1,5
331,-100.0,,-102.9,-89.7,5
332,-100.0,,-104.0,-90.8,5
333,-100.0,,-104.0,-90.6,5
334,-100.0,,-104.0,-94.3,5
335,-100.0,,-101.6,-96.1,5
336,-100.0,,-98.0,-91.2,5
337,-100.0,,-98.0,-95.1,5
338,-100.0,,-98.0,-90.3,5
339,-100.0,,-98.0,-90.8,5
340,-100.0,,-98.0,-89.7,5
341,-100.0,,-98.0,-88.7,5
342,-100.0,,-98.0,-89.7,5
343,-100.0,,-98.0,-92.5,5
344,-100.0,,-98.0,-90.0,5
345,-100.0,,-98.0,-90.0,5
346,-100.0,,-98.0,-90.0,5
347,-100.0,,-98.0,-91.0,5
348,-100.0,,-98.0,-92.6,5
349,-100.0,,-98.0,-87.4,5
350,-100.0,,-98.0,-85.2,5
351,-100.0,,-98.0,-87.1,5
352,-100.0,,-98.0,-87.5,5
353,-100.0,,-98.0,-87.6,5
354,-100.0,,-98.0,-86.5,5
355,-100.0,,-98.0,-83.7,5
356,-100.0,,-98.0,-83.6,5
357,-100.0,,-98.0,-83.3,5
358,-100.0,,-98.0,-83.8,5
359,-100.0,,-98.0,-85.7,5
360,-100.0,,-98.0,-92.4,5
361,-100.0,,-98.0,-89.3,5
362,-100.0,,-98.0,-86.0,5
363,-100.0,,-98.0,-85.45,5
364,-100.0,,-98.0,-87.4,5
365,-100.0,,-98.0,-82.5,5
366,-100.0,,-98.0,-80.0,5
367,-100.0,,-98.0,-79.55,5
368,-100.0,,-98.0,-79.05,5
369,-100.0,,-98.0,-79.15,5
370,-100.35,,-98.0,-86.5,5
371,-101.0,,-98.3,-93.75,3
372,-101.0,,-100.6,-91.25,3
373,-101.0,,-104.0,-92.85,3
374,-101.0,,-104.0,-94.05,3
375,-101.0,,-101.5,-92.4,3
376,-101.0,,-101.5,-90.0,3
377,-101.0,,-100.0,-88.0,4
378,-101.0,,-99.8,-88.2,4
379,-101.0,,-100.0,-87.8,4
380,-101.0,,-98.7,-89.7,4
381,-101.0,,-98.3,-94.2,4
382,-101.0,,-97.6,-86.75,4
383,-101.0,,-96.2,-90.4,4
384,-101.0,,-96.0,-93.0,4
385,-101.0,,-96.0,-96.7,4
386,-101.0,,-97.1,-92.95,4
387,-101.0,,-98.0,-89.45,4
388,-101.0,,-98.0,-90.5,4
389,-101.0,,-98.0,-93.1,4
390,-101.0,,-98.0,-90.85,4
391,-101.0,,-98.0,-88.5,4
392,-101.0,,-98.0,-84.25,4
393,-101.0,,-98.0,-88.7,4
394,-101.0,,-98.0,-91.7,4
395,-101.0,,-98.0,-96.6,4
396,-101.0,,-98.0,-97.6,4
397,-101.35,,-98.0,-89.4,4
398,-102.0,,-96.95,-82.45,4
399,-103.1,,-94.75,-82.8,4
400,-87.65,,-87.6,-84.5,4
401,-89.15,,-87.65,-80.4,4
402,-97.1,,-94.25,-90.85,4
403,-98.7,,-89.05,-97.55,4
404,-74.6,,-77.6,-95.0,4
405,-72.15,,-75.2,-89.1,4
406,-71.95,,-72.85,-91.0,4
407,-76.25,,-76.8,-96.0,4
408,-73.1,,-76.25,-98.1,4
409,-69.2,,-74.75,-98.6,4
410,-70.65,,-79.35,-94.4,4
411,-78.1,,-76.75,-88.3,4
412,-75.35,,-78.2,-90.75,4
413,-71.6,,-81.9,-96.3,4
414,-63.8,,-93.7,-99.4,4
415,-64.6,,-98.0,-99.25,4
416,-70.6,,-98.0,-98.55,4
417,-70.9,,-98.0,-95.0,4
418,-68.95,,-98.0,-95.0,4
419,-70.05,,-98.0,-95.0,4
420,-75.2,,-98.0,-95.0,4
421,-70.65,,-98.0,-95.0,4
422,-71.05,,-98.0,-95.0,4
423,-69.25,,-98.0,-95.0,4
424,-72.7,,-98.0,-95.0,4
425,-69.25,,-98.0,-95.0,4
426,-69.95,,-98.0,-95.0,4
427,-69.65,,-98.0,-95.0,4
428,-69.75,,-98.0,-95.0,4
429,-70.4,,-98.0,-95.0,4
430,-69.7,,-98.0,-95.0,4
431,-66.35,,-98.0,-95.0,4
432,-72.55,,-98.0,-95.0,4
433,-66.65,,-98.0,-95.0,4
434,-62.6,,-101.65,-95.0,4
435,-62.85,,-102.15,-95.0,4
436,-67.05,,-102.0,-95.0,4
437,-69.45,,-102.0,-95.0,4
438,-67.85,,-98.2,-95.0,4
439,-67.2,,-99.25,-95.0,4
440,-68.15,,-105.0,-95.0,4
441,-60.15,,-104.05,-95.0,4
442,-61.0,,-104.0,-95.0,4
443,-62.0,,-104.0,-101.65,4
444,-60.85,,-104.0,-102.0,4
445,-58.55,,-104.0,-102.3,4
446,-61.1,,-104.0,-104.0,4
447,-62.0,,-104.0,-104.0,4
448,-59.85,,-104.0,-104.0,4
449,-67.9,,-99.5,-104.0,4
450,-66.05,,-98.0,-104.0,4
451,-69.75,,-98.0,-104.0,4
452,-70.0,,-98.0,-104.0,4
453,-72.05,,-98.0,-104.0,4
454,-69.2,,-98.0,-103.3,4
455,-74.35,,-98.0,-102.0,4
456,-75.25,,-98.0,-102.0,4
457,-72.5,,-98.0,-102.0,4
458,-72.9,,-98.0,-102.0,4
459,-74.55,,-98.0,-102.0,4
460,-74.8,,-98.0,-102.0,4
461,-70.8,,-98.0,-102.0,4
462,-69.45,,-98.0,-102.0,4
463,-68.65,,-98.0,-102.0,4
464,-70.85,,-98.0,-102.0,4
465,-73.4,,-98.0,-102.0,4
466,-74.15,,-98.0,-102.0,4
467,-73.05,,-98.0,-102.0,4
468,-73.85,,-98.0,-102.0,4
469,-69.85,,-98.0,-102.0,4
470,-72.85,,-98.0,-102.0,4
471,-73.8,,-98.0,-102.0,4
472,-75.7,,-98.0,-102.0,4
473,-73.5,,-98.0,-102.0,4
474,-72.45,,-98.0,-102.0,4
475,-69.75,,-98.0,-102.0,4
476,-75.25,,-98.0,-102.0,4
477,-72.7,,-98.0,-102.0,4
478,-70.3,,-98.0,-102.0,4
479,-70.35,,-98.0,-102.0,4
480,-71.45,,-98.0,-102.0,4
481,-69.95,,-98.0,-102.0,4
482,-71.3,,-98.0,-102.0,4
483,-77.6,,-98.0,-102.0,4
484,-71.4,,-98.0,-102.0,4
485,-71.4,,-98.0,-102.0,4
486,-67.6,,-98.0,-102.0,4
487,-66.7,,-98.0,-102.0,4
488,-68.0,,-98.0,-102.0,4
489,-65.75,,-98.0,-102.0,4
490,-62.2,,-98.0,-102.0,4
491,-62.25,,-98.0,-102.0,4
492,-65.0,,-98.0,-102.0,4
493,-67.95,,-98.0,-102.0,4
494,-63.3,,-98.0,-102.45,4
495,-59.9,,-98.0,-98.75,4
496,-64.0,,-98.0,-98.0,4
497,-66.85,,-98.0,-98.0,4
498,-67.25,,-98.0,-98.0,4
499,-66.7,,-98.0,-98.0,4
500,-64.45,,-98.0,-98.0,4
501,-64.4,,-98.0,-98.0,4
502,-65.85,,-98.0,-98.0,4
503,-67.35,,-98.0,-98.0,4
504,-66.45,,-98.0,-98.0,4
505,-65.25,,-98.0,-98.0,4
506,-68.7,,-98.0,-98.0,4
507,-70.15,,-98.0,-98.0,4
508,-74.8,,-98.0,-98.0,4
509,-74.75,,-98.0,-99.75,4
510,-73.45,,-98.0,-103.0,4
511,-74.25,,-98.0,-103.0,4
512,-73.7,,-98.0,-103.0,4
513,-73.3,,-98.0,-103.0,4
514,-71.9,,-98.0,-103.0,4
515,-73.45,,-98.0,-103.0,4
516,-73.2,,-98.0,-104.6,4
517,-69.0,,-98.0,-105.0,4
518,-70.4,,-98.0,-105.0,4
519,-71.4,,-98.0,-105.0,4
520,-73.6,,-98.0,-105.0,4
521,-73.2,,-98.0,-105.0,4
522,-72.8,,-98.0,-105.0,4
523,-73.0,,-98.0,-105.0,4
524,-73.9,,-98.0,-105.0,4
525,-73.7,,-98.0,-105.0,4
526,-74.5,,-98.0,-105.0,4
527,-73.15,,-98.0,-105.0,4
528,-69.6,,-98.0,-105.0,4
529,-70.95,,-98.0,-105.0,4
530,-72.6,,-98.0,-105.0,4
531,-72.45,,-98.0,-105.0,4
532,-71.8,,-98.0,-105.0,4
533,-73.5,,-98.0,-105.0,4
534,-71.6,,-98.0,-105.0,4
535,-73.7,,-98.0,-105.0,4
536,-72.2,,-98.0,-105.0,4
537,-71.15,,-98.0,-105.0,4
538,-68.45,,-98.0,-105.0,4
539,-71.25,,-98.0,-105.0,4
540,-71.7,,-98.0,-105.0,4
541,-72.75,,-98.0,-105.0,4
542,-72.05,,-98.0,-105.0,4
543,-67.1,,-98.0,-105.0,4
544,-70.75,,-98.0,-97.9,4
545,-70.65,,-98.0,-101.65,4
546,-70.55,,-98.0,-104.0,4
547,-68.9,,-98.0,-103.0,4
548,-62.65,,-98.0,-101.7,4
549,-69.3,,-98.0,-102.4,4
550,-72.7,,-98.0,-102.0,4
551,-71.8,,-98.0,-102.05,4
552,-70.45,,-98.0,-103.0,4
553,-69.7,,-98.0,-103.0,4
554,-71.3,,-98.0,-103.0,4
555,-70.0,,-98.0,-103.0,4
556,-72.2,,-98.0,-103.0,4
557,-74.0,,-98.0,-103.0,4
558,-71.4,,-98.0,-103.0,4
559,-74.3,,-98.0,-103.0,4
560,-72.7,,-98.0,-103.0,4
561,-71.3,,-98.0,-103.0,4
562,-72.7,,-98.0,-103.0,4
563,-75.0,,-98.0,-103.0,4
564,-75.0,,-98.0,-103.0,4
565,-75.0,,-98.0,-103.0,4
566,-75.0,,-98.0,-103.0,4
567,-72.6,,-98.0,-103.0,4
568,-72.5,,-98.0,-103.0,4
569,-73.5,,-98.0,-103.0,4
570,-76.5,,-98.0,-103.0,4
571,-73.7,,-98.0,-103.0,4
572,-71.8,,-98.0,-103.0,4
573,-74.2,,-98.0,-103.0,4
574,-74.9,,-98.0,-103.0,4
575,-75.1,,-98.0,-103.0,4
576,-74.7,,-98.0,-103.0,3
577,-74.2,,-98.0,-103.0,3
578,-73.2,,-98.0,-103.0,3
579,-73.5,,-98.0,-103.0,3
580,-73.4,,-98.0,-103.0,5
581,-70.0,,-98.0,-103.0,5
582,-72.2,,-98.0,-103.0,5
583,-73.0,,-98.0,-103.0,5
584,-73.6,,-98.0,-103.0,5
585,-72.4,,-98.0,-103.0,5
586,-72.2,,-98.0,-103.0,5
587,-73.4,,-98.0,-103.0,5
588,-71.5,,-98.0,-103.0,5
589,-74.7,,-98.0,-103.0,5
590,-71.9,,-98.0,-103.0,5
591,-72.8,,-98.0,-103.0,5
592,-73.1,,-98.0,-103.0,5
593,-72.8,,-98.0,-103.0,5
594,-73.6,,-98.0,-103.0,5
595,-69.2,,-98.0,-103.0,5
596,-72.9,,-98.0,-103.0,5
597,-74.0,,-98.0,-103.0,5
598,-72.9,,-98.0,-103.0,5
599,-72.3,,-98.0,-103.0,5
600,-74.6,,-98.0,-103.0,5
601,-76.9,,-98.0,-103.0,5
602,-73.5,,-98.0,-103.0,5
603,-72.1,,-98.0,-103.0,5
604,-73.3,,-98.0,-103.0,5
605,-73.1,,-98.0,-103.0,5
606,-70.5,,-98.0,-103.0,5
607,-70.7,,-98.0,-103.0,5
608,-76.2,,-98.0,-103.0,5
609,-74.7,,-98.0,-103.0,5
610,-73.2,,-98.0,-103.0,5
611,-73.1,,-98.0,-103.0,5
612,-74.3,,-98.0,-103.0,5
613,-74.8,,-98.0,-103.0,5
614,-77.1,,-98.0,-103.0,5
615,-72.3,,-98.0,-103.0,5
616,-72.7,,-98.0,-103.0,5
617,-72.0,,-98.0,-103.0,5
618,-76.1,,-98.0,-103.0,5
619,-75.9,,-98.0,-103.0,5
620,-76.1,,-98.0,-103.0,5
621,-80.3,,-98.0,-103.0,5
622,-76.7,,-98.0,-103.0,5
623,-77.9,,-98.0,-103.0,5
624,-77.8,,-98.0,-103.0,5
625,-77.2,,-98.0,-103.0,5
626,-74.1,,-98.0,-103.0,5
627,-74.9,,-98.0,-103.0,5
628,-76.7,,-98.0,-103.0,5
629,-74.4,,-98.0,-103.0,5
630,-73.7,,-98.0,-103.0,5
631,-72.4,,-98.0,-103.0,5
632,-74.4,,-98.0,-103.0,5
633,-75.9,,-98.0,-103.0,5
634,-74.2,,-98.0,-103.0,5
635,-71.1,,-98.0,-103.0,5
636,-70.4,,-98.0,-103.0,5
637,-71.5,,-98.0,-103.0,5
638,-69.9,,-98.0,-103.0,5
639,-72.3,,-98.0,-103.0,5
640,-72.9,,-98.0,-103.0,5
641,-74.7,,-98.0,-103.0,5
642,-74.9,,-98.0,-103.0,5
643,-71.2,,-98.0,-103.0,5
644,-71.4,,-98.0,-103.0,5
645,-75.0,,-98.0,-103.0,5
646,-71.1,,-98.0,-103.0,5
647,-69.1,,-98.0,-103.0,5
648,-68.2,,-98.0,-103.0,5
649,-67.9,,-98.0,-103.0,5
650,-68.7,,-98.0,-103.0,5
651,-68.0,,-98.0,-103.0,5
652,-64.5,,-98.0,-103.0,5
653,-64.0,,-98.0,-103.0,5
654,-66.6,,-97.6,-103.0,5
655,-73.2,,-85.2,-103.0,5
656,-79.5,,-81.5,-101.5,5
657,-78.6,,-76.6,-98.6,5
658,-78.6,,-76.3,-89.2,5
659,-79.55,,-75.8,-95.4,5
660,-83.25,,-75.6,-100.55,5
661,-93.95,,-74.75,-96.0,5
662,-86.6,,-78.8,-95.6,5
663,-82.0,,-76.2,-92.0,5
664,-80.4,,-80.8,-87.8,5
665,-90.2,,-81.4,-91.4,5
666,-89.8,,-79.6,-97.2,5
667,-94.4,,-77.2,-92.0,5
668,-89.6,,-77.2,-81.6,5
669,-88.6,,-78.0,-98.8,5
670,-85.4,,-76.0,-98.4,5
671,-85.6,,-77.6,-95.2,5
672,-101.4,,-93.2,-95.4,5
673,-101.0,,-102.2,-87.2,5
674,-101.0,,-102.0,-88.8,5
675,-102.8,,-101.6,-97.4,5
676,-104.0,,-94.0,-98.0,5
677,-104.0,,-93.8,-85.6,5
678,-104.0,,-101.2,-91.4,5
679,-102.2,,-98.75,-86.6,5
680,-101.95,,-98.2,-88.8,5
681,-103.0,,-96.45,-86.65,5
682,-103.0,,-94.3,-96.7,5
683,-103.0,,-91.7,-100.35,5
684,-103.0,,-91.95,-100.0,5
685,-103.0,,-93.55,-99.7,5
686,-103.65,,-91.15,-90.9,5
687,-104.0,,-92.55,-90.65,5
688,-104.0,,-92.0,-87.25,5
689,-104.0,,-92.0,-97.0,5
690,-104.0,,-92.0,-92.7,5
691,-104.0,,-92.0,-90.7,5
692,-104.0,,-94.7,-90.3,5
693,-104.0,,-98.2,-97.6,5
694,-104.0,,-100.2,-97.7,5
695,-104.0,,-100.55,-90.85,5
696,-104.0,,-101.85,-90.95,5
697,-104.0,,-102.0,-93.9,5
698,-104.0,,-102.0,-95.7,5
699,-104.0,,-102.0,-86.4,5
700,-104.0,,-102.0,-94.0,5
701,-104.0,,-101.9,-90.0,5
702,-99.45,,-96.0,-87.95,5
703,-95.3,,-96.0,-86.8,5
704,-93.75,,-96.0,-84.75,5
705,-91.7,,-95.35,-86.2,5
706,-92.0,,-95.1,-88.85,5
707,-92.0,,-98.9,-92.9,5
708,-92.0,,-98.35,-89.8,5
709,-92.0,,-98.95,-99.4,5
710,-92.0,,-100.15,-90.1,5
711,-96.25,,-103.7,-89.9,5
712,-101.0,,-98.0,-91.85,5
713,-101.0,,-98.0,-92.9,5
714,-101.0,,-99.5,-95.35,5
715,-101.0,,-98.9,-96.25,5
716,-101.0,,-98.0,-96.4,5
717,-101.0,,-98.0,-96.85,5
718,-101.0,,-98.0,-96.5,5
719,-101.0,,-98.0,-94.45,5
720,-101.0,,-99.75,-92.8,5
721,-101.0,,-105.0,-96.15,5
722,-101.0,,-105.0,-94.45,5
723,-101.0,,-105.0,-93.5,5
724,-101.0,,-103.5,-96.05,5
725,-101.0,,-99.0,-103.15,5
726,-101.0,,-99.0,-102.8,5
727,-101.9,,-98.15,-93.4,5
728,-103.0,,-94.6,-83.25,5
729,-103.0,,-92.25,-89.7,5
730,-100.75,,-92.25,-87.5,5
731,-94.0,,-96.0,-91.25,5
732,-94.0,,-100.35,-97.05,5
733,-94.0,,-99.55,-93.75,5
734,-94.0,,-98.2,-88.8,5
735,-94.0,,-102.0,-79.8,5
736,-94.0,,-102.0,-80.6,5
737,-94.0,,-102.0,-90.85,5
738,-94.0,,-102.0,-92.7,5
739,-94.0,,-102.0,-88.9,5
740,-94.0,,-102.0,-91.95,5
741,-94.0,,-102.0,-89.6,5
742,-94.0,,-102.0,-88.5,5
743,-94.0,,-102.0,-87.6,5
744,-94.0,,-102.0,-87.3,5
745,-94.0,,-102.0,-91.4,5
746,-94.0,,-102.0,-92.1,5
747,-94.0,,-102.0,-90.1,5
748,-94.0,,-102.0,-90.25,5
749,-94.0,,-102.0,-90.5,5
750,-94.0,,-102.0,-89.6,5
751,-94.0,,-102.0,-90.95,5
752,-94.0,,-102.0,-91.2,5
753,-94.0,,-102.0,-91.95,5
754,-94.0,,-102.0,-82.8,5
755,-94.0,,-102.0,-82.95,5
756,-94.0,,-96.8,-88.95,5
757,-94.0,,-99.0,-92.3,5
758,-94.0,,-98.0,-94.05,5
759,-94.0,,-98.0,-95.9,5
760,-94.0,,-98.0,-89.4,5
761,-94.0,,-98.0,-83.65,5
762,-94.0,,-98.0,-82.15,5
763,-94.0,,-98.0,-86.7,5
764,-94.0,,-98.0,-86.9,3
765,-94.0,,-96.1,-86.0,3
766,-94.0,,-97.05,-86.6,3
767,-94.0,,-97.85,-86.65,3
768,-94.0,,-97.1,-86.15,4
769,-94.0,,-99.45,-86.85,4
770,-94.0,,-95.95,-86.55,4
771,-94.0,,-99.4,-86.25,4
772,-94.0,,-95.85,-86.35,4
773,-94.0,,-97.3,-86.65,4
774,-94.0,,-95.0,-86.8,4
775,-94.0,,-95.65,-86.6,4
776,-94.0,,-95.95,-87.4,4
777,-94.0,,-95.45,-87.0,4
778,-94.0,,-98.15,-87.25,4
779,-94.0,,-96.25,-86.5,4
780,-94.0,,-97.75,-86.0,4
781,-94.0,,-97.55,-86.1,4
782,-94.0,,-98.45,-88.65,4
783,-94.0,,-97.0,-90.7,4
784,-94.0,,-97.0,-93.6,4
785,-94.0,,-97.0,-94.2,4
786,-94.0,,-97.0,-91.15,4
787,-94.0,,-97.0,-92.4,4
788,-97.5,,-97.0,-92.05,4
789,-104.0,,-97.0,-87.3,4
790,-104.0,,-97.0,-87.2,4
791,-104.0,,-97.0,-88.9,4
792,-104.0,,-96.85,-96.55,4
793,-104.0,,-98.45,-86.45,4
794,-104.0,,-97.35,-85.7,4
795,-104.0,,-97.5,-84.95,4
796,-104.0,,-97.1,-84.6,4
797,-103.05,,-97.7,-85.4,4
798,-103.0,,-97.5,-87.75,4
799,-103.0,,-98.1,-85.2,4
800,-103.0,,-101.4,-87.0,4
801,-103.0,,-102.0,-90.75,4
802,-100.45,,-102.0,-87.75,4
803,-100.0,,-102.0,-91.35,4
804,-100.0,,-102.0,-95.4,4
805,-100.0,,-102.0,-95.65,4
806,-100.0,,-101.1,-97.4,4
807,-100.0,,-100.0,-97.65,4
808,-100.0,,-100.0,-97.8,4
809,-100.0,,-100.0,-98.0,4
810,-100.0,,-100.0,-97.85,4
811,-100.0,,-100.0,-97.95,4
812,-100.0,,-100.0,-97.75,4
813,-100.0,,-100.0,-97.65,4
814,-100.0,,-100.0,-97.6,4
815,-100.0,,-100.0,-97.8,4
816,-100.0,,-100.0,-97.8,4
817,-100.0,,-100.0,-98.4,4
818,-100.0,,-100.0,-98.0,4
819,-100.0,,-100.0,-98.2,4
820,-100.0,,-100.0,-98.2,4
821,-100.0,,-100.0,-97.85,4
822,-100.0,,-100.45,-92.85,4
823,-100.0,,-101.0,-90.0,4
824,-100.0,,-101.0,-94.5,4
825,-100.0,,-98.75,-93.05,4
826,-100.0,,-96.0,-87.2,4
827,-100.0,,-96.3,-88.75,4
828,-100.0,,-100.7,-95.55,4
829,-100.0,,-100.0,-92.8,4
830,-100.0,,-100.0,-92.65,4
831,-100.0,,-100.0,-92.8,4
832,-100.0,,-100.0,-93.35,4
833,-100.0,,-100.0,-93.0,4
834,-100.0,,-100.0,-92.6,4
835,-100.0,,-100.05,-92.9,4
836,-100.0,,-101.0,-89.35,4
837,-100.0,,-101.0,-90.1,4
838,-100.0,,-100.0,-92.6,4
839,-98.3,,-97.6,-89.65,4
840,-98.05,,-94.3,-93.2,4
841,-102.5,,-91.25,-87.9,4
842,-101.0,,-89.4,-99.45,4
843,-98.6,,-94.2,-99.1,4
844,-97.0,,-94.5,-90.9,4
845,-97.0,,-98.35,-83.85,4
846,-97.0,,-96.25,-89.75,4
847,-97.0,,-95.5,-88.65,4
848,-101.25,,-89.3,-84.5,4
849,-102.0,,-93.5,-84.45,4
850,-102.0,,-89.75,-88.55,4
851,-98.85,,-94.5,-98.15,4
852,-87.55,,-83.95,-95.1,4
853,-82.8,,-81.9,-100.75,4
854,-89.35,,-89.6,-96.2,4
855,-84.95,,-75.8,-95.05,4
856,-71.8,,-70.1,-80.95,4
857,-71.9,,-72.05,-85.4,4
858,-74.8,,-73.1,-91.6,4
859,-70.0,,-76.8,-92.6,4
860,-72.0,,-73.8,-90.6,4
861,-69.25,,-79.6,-90.6,4
862,-65.2,,-80.6,-98.6,4
863,-70.85,,-80.0,-94.45,4
864,-70.7,,-79.95,-96.35,4
865,-70.1,,-79.2,-93.95,4
866,-66.85,,-79.75,-91.0,4
867,-69.7,,-85.35,-94.85,4
868,-63.9,,-98.9,-102.85,4
869,-65.75,,-98.85,-105.0,4
870,-72.2,,-93.0,-99.3,4
871,-74.15,,-93.0,-99.0,4
872,-72.0,,-93.0,-99.0,4
873,-71.45,,-93.0,-99.0,4
874,-66.6,,-93.0,-93.75,4
875,-69.05,,-93.0,-99.25,4
876,-70.95,,-93.0,-99.0,4
877,-71.4,,-93.0,-99.0,4
878,-73.3,,-93.0,-99.0,4
879,-71.1,,-93.0,-99.0,4
880,-71.25,,-93.0,-99.0,4
881,-70.85,,-93.0,-99.0,4
882,-76.65,,-93.0,-99.0,4
883,-77.0,,-93.0,-99.0,4
884,-76.75,,-93.0,-99.0,4
885,-73.45,,-93.0,-99.0,4
886,-73.6,,-93.0,-99.0,4
887,-72.45,,-93.0,-99.0,4
888,-74.25,,-93.0,-99.0,4
889,-74.2,,-93.0,-99.0,4
890,-73.6,,-93.0,-99.0,4
891,-73.65,,-93.0,-99.0,4
892,-73.6,,-93.0,-99.0,4
893,-72.55,,-93.0,-99.0,4
894,-77.95,,-93.0,-99.0,4
895,-72.65,,-93.0,-99.0,4
896,-72.2,,-93.0,-99.0,4
897,-72.85,,-93.0,-99.0,4
898,-72.0,,-93.0,-99.0,4
899,-74.1,,-93.0,-99.0,4
900,-69.7,,-93.0,-99.0,4
901,-70.55,,-93.0,-99.0,4
902,-73.15,,-93.0,-99.0,4
903,-69.6,,-93.0,-99.0,4
904,-72.65,,-93.0,-99.0,4
905,-73.55,,-93.0,-99.0,4
906,-74.4,,-93.0,-99.0,4
907,-72.0,,-93.0,-99.0,4
908,-70.6,,-93.0,-99.0,4
909,-72.2,,-93.0,-99.0,4
910,-69.6,,-93.0,-99.0,4
911,-68.6,,-93.0,-99.0,4
912,-70.6,,-93.0,-99.0,4
913,-73.6,,-93.0,-99.0,4
914,-72.2,,-93.0,-99.0,4
915,-74.4,,-93.0,-99.0,4
916,-70.6,,-93.0,-99.0,4
917,-68.8,,-93.0,-99.0,4
918,-65.4,,-93.0,-99.0,4
919,-63.4,,-93.0,-99.0,4
920,-68.2,,-93.0,-99.0,4
921,-66.4,,-93.0,-99.0,4
922,-67.8,,-93.0,-99.0,4
923,-67.4,,-93.0,-99.0,4
924,-68.0,,-93.0,-99.0,4
925,-69.8,,-93.0,-100.2,6
926,-72.2,,-93.0,-105.0,6
927,-72.6,,-93.0,-105.0,6
928,-73.6,,-93.0,-105.0,6
929,-72.8,,-93.0,-105.0,6
930,-68.8,,-93.0,-105.0,6
931,-70.2,,-93.0,-105.0,6
932,-71.8,,-93.0,-105.0,6
933,-72.8,,-93.0,-105.0,6
934,-72.2,,-93.0,-105.0,6
935,-72.6,,-93.0,-105.0,6
936,-70.0,,-93.0,-105.0,6
937,-71.0,,-93.0,-105.0,6
938,-73.4,,-93.0,-105.0,6
939,-70.0,,-93.0,-105.0,6
940,-74.4,,-93.0,-105.0,6
941,-71.2,,-93.0,-105.0,2
942,-72.8,,-93.0,-105.0,2
943,-65.6,,-93.0,-105.0,2
944,-66.8,,-93.0,-105.0,2
945,-64.6,,-93.0,-105.0,2
946,-63.4,,-93.0,-105.0,2
947,-64.0,,-95.0,-105.0,2
948,-67.8,,-95.4,-105.0,2
949,-73.6,,-84.2,-105.0,2
950,-73.2,,-75.8,-97.2,2
951,-81.2,,-77.2,-93.4,2
952,-85.6,,-88.4,-92.2,2
953,-91.4,,-83.0,-88.0,2
954,-84.2,,-82.6,-78.4,2
955,-88.4,,-77.2,-77.0,2
956,-88.0,,-73.6,-80.8,2
957,-89.5,,-72.7,-87.95,2
958,-90.35,,-71.95,-92.1,2
959,-83.7,,-71.8,-89.45,2
960,-89.85,,-69.35,-86.35,2
961,-97.7,,-68.65,-95.1,2
962,-104.0,,-65.0,-93.4,2
963,-104.0,,-62.4,-96.6,2
964,-104.0,,-67.0,-98.8,2
965,-104.0,,-66.75,-97.15,2
966,-104.0,,-68.7,-96.45,2
967,-104.0,,-74.05,-101.55,2
968,-104.0,,-72.4,-96.6,2
969,-104.0,,-71.3,-102.95,2
970,-104.0,,-75.8,-104.0,2
971,-104.0,,-83.25,-104.0,2
972,-104.0,,-88.65,-104.0,2
973,-104.0,,-81.0,-104.0,2
974,-104.0,,-79.35,-104.0,2
975,-104.0,,-81.1,-104.0,2
976,-104.0,,-78.5,-104.0,2
977,-104.0,,-84.75,-104.0,2
978,-104.0,,-89.05,-104.0,2
979,-104.0,,-88.3,-104.0,2
980,-104.0,,-86.65,-104.0,2
981,-104.0,,-90.8,-104.0,2
982,-104.0,,-88.35,-103.55,2
983,-104.0,,-88.3,-103.0,2
984,-104.0,,-79.25,-103.0,2
985,-104.0,,-84.1,-103.0,2
986,-104.0,,-81.4,-103.0,2
987,-104.0,,-77.65,-103.0,2
988,-104.0,,-82.9,-103.0,2
989,-104.0,,-96.0,-103.0,2
990,-104.0,,-92.15,-103.0,2
991,-104.0,,-92.95,-103.0,2
992,-104.0,,-93.7,-103.0,2
993,-104.0,,-92.85,-103.0,2
994,-104.0,,-87.35,-103.0,2
995,-104.0,,-81.35,-103.0,2
996,-104.0,,-82.95,-100.4,2
997,-104.0,,-81.2,-99.0,2
998,-104.0,,-83.25,-99.0,2
999,-104.0,,-81.0,-99.0,2
1000,-104.0,,-81.0,-99.0,2
1001,-104.0,,-80.6,-99.0,2
1002,-104.0,,-80.7,-99.0,2
1003,-104.0,,-84.1,-100.95,2
1004,-104.0,,-80.0,-102.0,2
1005,-104.0,,-79.75,-102.0,2
1006,-104.0,,-80.4,-102.0,2
1007,-104.0,,-83.2,-102.0,2
1008,-104.0,,-83.4,-102.0,2
1009,-104.0,,-85.1,-102.0,2
1010,-104.0,,-85.1,-102.0,2
1011,-104.0,,-84.8,-102.0,2
1012,-104.0,,-86.1,-102.0,2
1013,-104.0,,-82.8,-101.45,2
1014,-104.0,,-86.25,-98.8,2
1015,-104.0,,-87.0,-99.65,2
1016,-104.0,,-87.5,-98.55,2
1017,-104.0,,-86.35,-100.35,2
1018,-104.0,,-82.9,-100.7,2
1019,-104.0,,-84.1,-101.3,2
1020,-104.0,,-86.65,-102.0,2
1021,-104.0,,-87.75,-102.0,2
1022,-104.0,,-89.25,-102.0,2
1023,-104.0,,-80.2,-101.9,2
1024,-104.0,,-84.4,-100.0,2
1025,-104.0,,-82.0,-100.0,2
1026,-104.0,,-85.25,-102.6,2
1027,-104.0,,-87.95,-104.0,2
1028,-104.0,,-87.45,-104.0,2
1029,-104.0,,-84.3,-104.0,2
1030,-104.0,,-84.45,-104.0,2
1031,-104.0,,-85.35,-104.0,2
1032,-104.0,,-85.5,-104.0,2
1033,-104.0,,-85.6,-104.0,2
1034,-104.0,,-85.4,-104.0,2
1035,-104.0,,-79.7,-104.0,2
1036,-104.0,,-87.2,-104.0,2
1037,-104.0,,-87.5,-104.0,2
1038,-104.0,,-88.7,-104.0,2
1039,-104.0,,-88.5,-104.0,2
1040,-104.0,,-88.5,-104.0,2
1041,-104.0,,-91.0,-104.0,2
1042,-104.0,,-81.5,-104.0,2
1043,-104.0,,-85.1,-104.0,2
1044,-104.0,,-84.7,-104.0,2
1045,-104.0,,-85.5,-104.0,2
1046,-104.0,,-85.2,-104.0,2
1047,-104.0,,-86.65,-104.0,2
1048,-104.0,,-85.6,-104.0,2
1049,-104.0,,-86.4,-104.0,2
1050,-104.0,,-88.2,-104.0,2
1051,-104.0,,-83.4,-104.0,2
1052,-104.0,,-84.4,-102.8,2
1053,-104.0,,-80.4,-102.0,2
1054,-104.0,,-82.8,-103.2,2
1055,-104.0,,-81.4,-103.8,2
1056,-104.0,,-79.2,-102.0,2
1057,-104.0,,-80.4,-100.0,2
1058,-104.0,,-79.8,-100.0,2
1059,-104.0,,-80.6,-100.0,2
1060,-104.0,,-84.2,-101.6,2
1061,-104.0,,-81.8,-102.0,2
1062,-104.0,,-83.25,-99.2,2
1063,-104.0,,-79.95,-102.0,2
1064,-104.0,,-81.8,-102.0,2
1065,-104.0,,-81.0,-102.0,2
1066,-104.0,,-83.0,-102.0,2
1067,-104.0,,-86.1,-101.2,2
1068,-104.0,,-82.6,-96.5,2
1069,-104.0,,-84.9,-97.7,2
1070,-104.0,,-81.0,-96.0,2
1071,-104.0,,-84.4,-96.0,2
1072,-104.0,,-81.25,-97.9,2
1073,-104.0,,-81.65,-98.0,2
1074,-104.0,,-83.0,-98.0,2
1075,-104.0,,-83.4,-103.6,2
1076,-104.0,,-84.2,-98.4,2
1077,-104.0,,-89.6,-96.4,2
1078,-104.0,,-82.8,-99.2,2
1079,-104.0,,-82.0,-104.0,2
1080,-104.0,,-83.2,-104.0,2
1081,-104.0,,-86.8,-104.0,2
1082,-104.0,,-88.6,-104.0,2
1083,-104.0,,-89.6,-104.0,2
1084,-104.0,,-86.0,-104.0,2
1085,-104.0,,-84.6,-104.0,2
1086,-104.0,,-87.2,-104.0,2
1087,-104.0,,-86.2,-104.0,2
1088,-104.0,,-86.6,-104.0,2
1089,-104.0,,-87.0,-104.0,2
1090,-104.0,,-82.0,-104.0,2
1091,-104.0,,-85.4,-104.0,2
1092,-104.0,,-83.2,-104.0,2
1093,-104.0,,-82.8,-104.0,2
1094,-104.0,,-81.8,-104.0,2
1095,-104.0,,-86.0,-104.0,2
1096,-104.0,,-81.4,-104.0,2
1097,-104.0,,-84.0,-104.0,2
1098,-104.0,,-82.75,-104.0,2
1099,-104.0,,-82.9,-104.0,2
1100,-104.0,,-81.8,-104.0,2
1101,-104.0,,-82.2,-104.0,2
1102,-104.0,,-83.7,-104.0,2
1103,-104.0,,-84.8,-104.0,2
1104,-104.0,,-83.45,-104.0,2
1105,-104.0,,-85.65,-104.0,2
1106,-104.0,,-85.65,-104.0,2
1107,-104.0,,-83.55,-104.0,2
1108,-104.0,,-80.95,-104.45,2
1109,-104.0,,-81.2,-105.0,2
1110,-104.0,,-83.25,-103.4,2
1111,-104.0,,-86.3,-97.65,2
1112,-104.0,,-87.6,-98.0,2
1113,-104.0,,-85.2,-98.45,2
1114,-104.0,,-84.55,-99.0,2
1115,-104.0,,-80.8,-99.75,2
1116,-104.0,,-84.65,-100.05,2
1117,-104.0,,-80.95,-98.95,2
1118,-104.0,,-80.3,-94.0,2
1119,-104.0,,-80.0,-94.0,2
1120,-104.0,,-84.3,-93.7,2
1121,-104.0,,-82.5,-91.7,2
1122,-104.0,,-84.0,-93.7,2
1123,-104.0,,-83.9,-91.1,2
1124,-104.0,,-85.3,-95.4,2
1125,-104.0,,-84.1,-101.5,2
1126,-104.0,,-88.5,-103.0,2
1127,-104.0,,-85.7,-103.0,2
1128,-104.0,,-85.5,-103.0,2
1129,-104.0,,-84.0,-103.0,2
1130,-104.0,,-85.7,-103.0,2
1131,-104.0,,-86.5,-102.4,2
1132,-104.0,,-86.3,-102.3,2
1133,-104.0,,-84.0,-97.1,2
1134,-104.0,,-85.8,-95.0,2
1135,-104.0,,-84.2,-102.2,2
1136,-104.0,,-83.9,-100.0,2
1137,-104.0,,-91.5,-99.0,2
1138,-104.0,,-88.6,-99.0,2
1139,-104.0,,-89.4,-99.0,2
1140,-104.0,,-89.4,-99.0,2
1141,-104.0,,-88.1,-99.0,2
1142,-104.0,,-84.4,-99.0,2
1143,-104.0,,-84.2,-99.0,2
1144,-104.0,,-84.6,-99.0,2
1145,-104.0,,-84.8,-99.0,2
1146,-104.0,,-82.9,-99.0,2
1147,-104.0,,-86.9,-99.0,2
1148,-104.0,,-90.4,-99.0,2
1149,-104.0,,-90.1,-99.0,2
1150,-104.0,,-90.0,-99.0,2
1151,-104.0,,-82.8,-99.0,2
1152,-104.0,,-84.5,-99.0,2
1153,-104.0,,-84.0,-99.0,2
1154,-104.0,,-85.0,-99.0,2
1155,-104.0,,-84.0,-99.0,2
1156,-104.0,,-85.2,-99.0,2
1157,-104.0,,-85.1,-99.0,2
1158,-104.0,,-87.3,-99.0,2
1159,-104.0,,-88.7,-99.0,2
1160,-104.0,,-88.1,-99.0,2
1161,-104.0,,-91.2,-99.0,2
1162,-104.0,,-84.0,-99.0,2
1163,-104.0,,-79.7,-99.9,2
1164,-104.0,,-84.1,-102.0,2
1165,-104.0,,-83.4,-102.0,2
1166,-104.0,,-82.8,-102.0,2
1167,-104.0,,-82.5,-102.0,2
1168,-104.0,,-82.1,-102.0,2
1169,-104.0,,-81.5,-102.0,2
1170,-104.0,,-81.7,-102.0,2
1171,-104.0,,-85.4,-102.3,2
1172,-104.0,,-81.2,-100.7,2
1173,-104.0,,-81.5,-102.0,2
1174,-104.0,,-80.0,-95.0,2
1175,-104.0,,-81.3,-96.6,2
1176,-104.0,,-82.4,-96.4,2
1177,-104.0,,-82.0,-96.0,2
1178,-104.0,,-83.6,-96.0,2
1179,-104.0,,-83.6,-96.0,2
1180,-104.0,,-84.5,-96.0,2
1181,-104.0,,-84.2,-96.6,2
1182,-104.0,,-83.5,-101.7,2
1183,-104.0,,-83.4,-102.0,2
1184,-104.0,,-83.4,-105.0,2
1185,-104.0,,-84.7,-105.0,2
1186,-104.0,,-85.3,-105.0,2
1187,-104.0,,-86.0,-104.2,2
1188,-104.0,,-83.4,-95.3,2
1189,-104.0,,-84.6,-101.2,2
1190,-104.0,,-83.7,-99.3,2
1191,-104.0,,-80.7,-99.0,2
1192,-104.0,,-90.7,-100.0,2
1193,-104.0,,-92.1,-101.0,2
1194,-104.0,,-95.9,-101.0,2
1195,-104.0,,-95.3,-101.0,2
1196,-104.0,,-94.0,-101.0,2
1197,-104.0,,-88.9,-101.0,2
1198,-104.0,,-85.2,-101.0,2
1199,-104.0,,-83.7,-101.0,2
1200,-104.0,,-84.0,-101.0,2
1201,-104.0,,-83.8,-101.0,2
1202,-104.0,,-83.8,-101.0,2
1203,-104.0,,-82.45,-101.0,2
1204,-104.0,,-85.1,-101.0,2
1205,-104.0,,-85.9,-101.0,2
1206,-104.0,,-86.05,-101.0,2
1207,-104.0,,-82.75,-101.0,2
1208,-104.0,,-84.8,-101.0,2
1209,-104.0,,-86.6,-101.0,2
1210,-104.0,,-86.25,-101.0,2
1211,-104.0,,-87.1,-101.0,2
1212,-104.0,,-86.5,-101.0,2
1213,-104.0,,-85.85,-101.0,2
1214,-104.0,,-87.45,-101.0,2
1215,-104.0,,-85.0,-101.0,2
1216,-104.0,,-84.0,-101.0,2
1217,-104.0,,-83.6,-101.0,2
1218,-104.0,,-84.0,-101.0,2
1219,-104.0,,-83.4,-101.0,2
1220,-104.0,,-85.15,-101.0,2
1221,-104.0,,-78.9,-100.25,2
1222,-104.0,,-85.4,-100.0,2
1223,-104.0,,-91.0,-96.4,2
1224,-104.0,,-88.6,-101.8,2
1225,-104.0,,-87.6,-103.0,2
1226,-104.0,,-79.2,-103.0,2
1227,-104.0,,-82.0,-103.0,2
1228,-104.0,,-81.8,-99.0,2
1229,-104.0,,-82.0,-98.0,2
1230,-104.0,,-85.8,-98.0,2
1231,-104.0,,-82.0,-96.0,2
1232,-104.0,,-81.6,-97.0,2
1233,-104.0,,-81.6,-99.6,2
1234,-104.0,,-82.4,-102.0,2
1235,-104.0,,-81.4,-100.6,2
1236,-104.0,,-85.6,-99.0,2
1237,-104.0,,-82.8,-99.0,2
1238,-104.0,,-89.8,-99.0,2
1239,-104.0,,-84.6,-99.0,2
1240,-104.0,,-82.4,-98.4,6
1241,-104.0,,-80.2,-98.8,6
1242,-104.0,,-79.2,-102.0,6
1243,-104.0,,-86.8,-99.0,6
1244,-104.0,,-83.6,-99.0,6
1245,-104.0,,-80.2,-102.2,8
1246,-104.0,,-89.2,-101.8,8
1247,-104.0,,-94.6,-97.0,8
1248,-104.0,,-95.0,-97.8,8
1249,-104.0,,-94.6,-98.6,8
1250,-104.0,,-88.0,-99.0,8
1251,-104.0,,-83.4,-99.0,8
1252,-104.0,,-83.2,-99.0,8
1253,-104.0,,-83.6,-99.0,8
1254,-104.0,,-83.4,-99.0,8
1255,-104.0,,-84.6,-99.0,8
1256,-104.0,,-83.4,-99.0,8
1257,-104.0,,-80.0,-99.0,8
1258,-104.0,,-86.0,-99.0,8
1259,-104.0,,-85.0,-99.0,8
1260,-104.0,,-86.2,-99.0,8
1261,-104.0,,-87.2,-99.0,8
1262,-104.0,,-82.4,-99.0,8
1263,-104.0,,-84.8,-99.0,8
1264,-104.0,,-84.8,-99.0,8
1265,-104.0,,-85.2,-99.0,8
1266,-104.0,,-85.2,-99.0,8
1267,-104.0,,-85.6,-99.0,8
1268,-104.0,,-85.4,-100.0,8
1269,-104.0,,-84.2,-104.0,8
1270,-104.0,,-84.6,-104.0,8
1271,-104.0,,-80.8,-104.0,8
1272,-104.0,,-80.0,-104.0,8
1273,-104.0,,-84.8,-104.0,8
1274,-104.0,,-80.4,-103.0,8
1275,-104.0,,-80.8,-99.0,8
1276,-104.0,,-84.0,-99.0,8
1277,-104.0,,-84.2,-99.0,8
1278,-104.0,,-84.0,-99.0,8
1279,-104.0,,-84.0,-99.0,8
1280,-104.0,,-84.0,-99.0,8
1281,-104.0,,-84.0,-99.0,8
1282,-104.0,,-85.0,-101.4,8
1283,-104.0,,-84.8,-104.0,8
1284,-104.0,,-81.0,-104.0,8
1285,-104.0,,-80.8,-104.0,8
1286,-104.0,,-78.8,-104.0,8
1287,-104.0,,-75.0,-104.0,8
1288,-104.0,,-79.6,-104.0,8
1289,-104.0,,-77.6,-104.0,8
1290,-104.0,,-69.8,-104.0,8
1291,-104.0,,-71.0,-104.0,8
1292,-104.0,,-73.6,-104.0,8
1293,-104.0,,-72.6,-104.0,8
1294,-104.0,,-67.4,-104.0,8
1295,-104.0,,-67.2,-104.0,8
1296,-104.0,,-67.2,-104.0,8
1297,-104.0,,-63.2,-104.0,8
1298,-104.0,,-66.2,-100.4,8
1299,-104.0,,-65.6,-95.0,8
1300,-104.0,,-67.8,-95.0,8
1301,-104.0,,-67.6,-95.0,8
1302,-104.0,,-72.2,-95.0,8
1303,-104.0,,-81.0,-95.0,6
1304,-104.0,,-81.0,-95.0,6
1305,-104.0,,-77.4,-95.0,6
1306,-104.0,,-81.8,-95.0,6
1307,-104.0,,-82.8,-95.0,6
1308,-104.0,,-82.35,-95.0,6
1309,-104.0,,-74.85,-95.0,6
1310,-104.0,,-70.3,-95.0,6
1311,-104.0,,-66.8,-95.0,6
1312,-104.0,,-67.6,-95.0,6
1313,-104.0,,-68.0,-95.0,6
1314,-104.0,,-68.0,-95.0,1
1315,-104.0,,-68.0,-95.0,1
1316,-104.0,,-68.0,-95.0,1
1317,-104.0,,-68.2,-95.0,1
1318,-104.0,,-68.0,-95.0,1
1319,-104.0,,-68.0,-95.0,1
1320,-104.0,,-68.0,-95.0,1
1321,-104.0,,-68.2,-95.0,1
1322,-104.0,,-67.3,-95.0,1
1323,-104.0,,-75.45,-95.0,1
1324,-104.0,,-80.3,-95.0,1
1325,-104.0,,-81.8,-95.0,1
1326,-104.0,,-74.05,-95.0,1
1327,-104.0,,-71.1,-95.0,1
1328,-104.0,,-71.35,-95.0,1
1329,-104.0,,-69.95,-95.0,1
1330,-104.0,,-71.4,-95.0,1
1331,-104.0,,-70.0,-95.0,1
1332,-104.0,,-71.35,-95.0,1
1333,-104.0,,-72.35,-95.0,1
1334,-104.0,,-74.25,-95.0,1
1335,-104.0,,-70.2,-95.0,1
1336,-104.0,,-71.95,-95.0,1
1337,-104.0,,-69.65,-95.0,1
1338,-104.0,,-68.75,-95.0,1
1339,-104.0,,-66.1,-95.0,6
1340,-104.0,,-65.6,-95.0,6
1341,-104.0,,-66.25,-95.0,6
1342,-104.0,,-67.5,-95.0,6
1343,-104.0,,-68.4,-95.0,6
1344,-104.0,,-68.8,-95.0,6
1345,-104.0,,-67.3,-95.0,6
1346,-104.0,,-66.6,-95.0,6
1347,-104.0,,-67.0,-95.0,6
1348,-104.0,,-67.0,-95.0,6
1349,-104.0,,-67.1,-95.0,0
1350,-104.0,,-67.3,-95.0,0
1351,-104.0,,-69.45,-95.0,0
1352,-104.0,,-67.3,-95.0,0
1353,-104.0,,-67.2,-95.0,0
1354,-104.0,,-66.45,-95.0,0
1355,-104.0,,-66.2,-95.0,0
1356,-104.0,,-67.25,-95.0,0
1357,-104.0,,-68.0,-95.0,0
1358,-104.0,,-68.0,-95.0,0
1359,-104.0,,-68.0,-95.0,0
1360,-104.0,,-68.0,-95.0,0
1361,-104.0,,-75.0,-95.0,0
1362,-104.0,,-74.15,-95.0,0
1363,-104.0,,-76.25,-95.0,0
1364,-104.0,,-72.65,-95.0,0
1365,-104.0,,-68.45,-95.0,0
1366,-104.0,,-65.65,-95.0,0
1367,-104.0,,-69.9,-95.0,0
1368,-104.0,,-66.7,-95.0,0
1369,-104.0,,-70.2,-95.0,0
1370,-104.0,,-77.15,-95.0,0
1371,-104.0,,-65.2,-95.0,0
1372,-104.0,,-68.75,-96.1,0
1373,-104.0,,-72.4,-91.65,0
1374,-104.0,,-75.3,-91.2,0
1375,-104.0,,-78.55,-95.1,0
1376,-104.0,,-77.65,-91.6,0
1377,-104.0,,-77.85,-87.7,0
1378,-104.0,,-64.75,-94.9,0
1379,-104.0,,-74.55,-84.65,0
1380,-104.0,,-76.95,-89.1,0
1381,-104.0,,-74.05,-91.45,0
1382,-104.0,,-71.65,-94.3,0
1383,-104.0,,-73.2,-93.45,0
1384,-104.0,,-77.6,-84.85,0
1385,-104.0,,-80.45,-83.75,0
1386,-104.0,,-79.3,-80.35,0
1387,-104.0,,-80.05,-89.8,0
1388,-104.0,,-75.8,-97.4,0
1389,-104.0,,-79.4,-98.0,0
1390,-104.0,,-83.6,-97.4,0
1391,-104.0,,-78.1,-94.6,0
1392,-104.0,,-83.0,-96.2,0
1393,-104.0,,-84.2,-99.0,0
1394,-104.0,,-89.1,-100.3,0
1395,-104.0,,-88.4,-89.8,0
1396,-104.0,,-83.0,-91.8,0
1397,-104.0,,-78.1,-87.1,0
1398,-104.0,,-74.8,-90.6,0
1399,-104.0,,-76.3,-88.1,0
1400,-104.0,,-74.2,-92.9,0
1401,-104.0,,-71.8,-97.7,0
1402,-104.0,,-72.4,-93.3,0
1403,-104.0,,-74.3,-84.3,0
1404,-104.0,,-74.7,-88.1,0
1405,-104.0,,-72.4,-93.9,0
1406,-104.0,,-74.8,-91.1,0
1407,-104.0,,-77.1,-91.8,0
1408,-104.0,,-70.8,-87.2,0
1409,-104.0,,-67.6,-89.2,0
1410,-103.1,,-68.9,-86.0,0
1411,-101.0,,-60.0,-93.7,0
1412,-101.0,,-55.9,-102.9,0
1413,-101.0,,-59.0,-97.5,0
1414,-101.0,,-57.8,-88.1,0
1415,-101.0,,-68.3,-88.1,0
1416,-101.0,,-80.2,-90.0,0
1417,-101.0,,-85.2,-104.2,0
1418,-100.7,,-84.5,-105.0,0
1419,-94.9,,-79.0,-105.0,0
1420,-98.4,,-81.1,-105.0,0
1421,-93.0,,-79.2,-105.0,0
1422,-93.0,,-77.4,-102.3,0
1423,-95.0,,-76.7,-101.3,0
1424,-97.0,,-80.5,-98.9,0
1425,-96.3,,-78.2,-101.5,0
1426,-91.4,,-81.3,-103.0,0
1427,-96.6,,-80.7,-104.0,0
1428,-100.1,,-81.5,-105.0,0
1429,-101.0,,-78.9,-103.8,0
1430,-101.0,,-75.6,-101.0,0
1431,-101.0,,-81.9,-101.0,0
1432,-101.0,,-94.0,-101.0,0
1433,-101.0,,-89.1,-101.0,0
1434,-101.0,,-90.3,-101.0,0
1435,-101.0,,-89.8,-101.0,0
1436,-101.0,,-90.6,-101.0,0
1437,-101.0,,-90.4,-101.0,0
1438,-101.0,,-89.1,-101.0,0
1439,-101.0,,-90.2,-101.0,0
1440,-101.0,,-87.6,-101.0,0
1441,-101.0,,-86.9,-101.0,0
1442,-101.0,,-90.6,-101.0,0
1443,-101.0,,-82.7,-101.0,0
1444,-101.0,,-87.3,-101.0,0
1445,-101.0,,-100.1,-101.0,0
1446,-101.0,,-89.4,-101.0,0
1447,-101.0,,-85.0,-101.0,0
1448,-101.0,,-84.9,-101.0,0
1449,-101.0,,-87.0,-101.0,0
1450,-101.0,,-85.9,-101.0,0
1451,-101.0,,-88.6,-101.0,0
1452,-101.0,,-87.3,-101.0,0
1453,-101.0,,-86.7,-101.0,0
1454,-101.0,,-88.8,-101.0,0
1455,-101.0,,-89.2,-101.0,0
1456,-101.0,,-87.1,-101.0,0
1457,-101.0,,-89.8,-101.0,0
1458,-101.0,,-85.5,-101.0,0
1459,-100.9,,-87.4,-101.0,0
1460,-100.0,,-83.4,-101.0,0
1461,-100.0,,-82.1,-101.0,0
1462,-100.0,,-81.8,-101.0,0
1463,-100.0,,-80.7,-101.0,0
1464,-100.4,,-79.4,-101.0,0
1465,-104.0,,-79.7,-101.0,0
1466,-104.0,,-79.1,-101.0,0
1467,-100.3,,-76.3,-101.0,0
1468,-99.0,,-76.4,-101.0,0
1469,-99.0,,-76.2,-99.1,0
1470,-99.0,,-75.5,-98.9,0
1471,-99.2,,-79.1,-103.6,0
1472,-101.6,,-78.5,-105.0,0
1473,-101.0,,-79.4,-105.0,0
1474,-102.5,,-81.2,-105.0,0
1475,-102.6,,-78.1,-105.0,0
1476,-102.0,,-76.6,-105.0,0
1477,-102.0,,-79.2,-105.0,0
1478,-102.0,,-78.6,-105.0,0
1479,-102.6,,-78.9,-104.0,0
1480,-103.3,,-81.8,-101.0,0
1481,-103.0,,-78.7,-101.0,0
1482,-103.0,,-80.9,-101.0,0
1483,-103.0,,-82.6,-101.3,0
1484,-103.0,,-85.3,-102.0,0
1485,-103.5,,-83.4,-102.0,0
1486,-98.6,,-81.3,-102.0,0
1487,-98.0,,-80.9,-102.0,0
1488,-98.3,,-81.3,-102.0,0
1489,-98.7,,-84.0,-99.5,0
1490,-101.5,,-79.6,-97.0,0
1491,-102.1,,-81.2,-94.3,0
1492,-100.0,,-77.7,-94.0,0
1493,-100.0,,-80.0,-97.3,0
1494,-100.0,,-80.0,-104.5,0
1495,-100.0,,-81.4,-100.0,0
1496,-100.0,,-77.7,-100.0,0
1497,-100.0,,-78.0,-100.0,0
1498,-100.0,,-77.3,-100.0,0
1499,-100.0,,-77.4,-100.0,0
1500,-100.0,,-78.1,-99.3,0
1501,-100.0,,-77.4,-99.0,6
1502,-100.0,,-82.4,-99.0,6
1503,-100.0,,-79.8,-102.7,6
1504,-100.0,,-77.4,-96.2,6
1505,-100.0,,-79.7,-94.9,6
1506,-100.0,,-75.5,-97.0,6
1507,-100.0,,-74.0,-97.0,6
1508,-100.0,,-74.0,-98.5,6
1509,-100.0,,-74.6,-102.0,6
1510,-98.6,,-74.2,-102.0,5
1511,-98.0,,-74.9,-102.0,5
1512,-98.0,,-75.6,-102.0,5
1513,-98.0,,-74.8,-102.0,5
1514,-100.1,,-75.6,-102.0,5
1515,-101.3,,-74.3,-102.0,5
1516,-104.1,,-75.6,-102.0,5
1517,-105.0,,-76.0,-102.0,5
1518,-105.0,,-75.8,-102.0,5
1519,-105.0,,-76.5,-102.0,5
1520,-104.3,,-77.8,-102.0,5
1521,-98.0,,-78.6,-102.0,5
1522,-98.0,,-77.7,-102.0,5
1523,-98.0,,-78.2,-102.0,5
1524,-98.0,,-79.4,-102.0,5
1525,-98.0,,-78.0,-102.0,5
1526,-98.0,,-77.8,-102.0,5
1527,-98.0,,-78.1,-102.0,5
1528,-98.0,,-77.7,-102.0,5
1529,-98.0,,-77.8,-102.0,5
1530,-98.0,,-78.5,-102.0,5
1531,-98.0,,-76.9,-102.0,5
1532,-98.0,,-77.8,-102.0,5
1533,-98.0,,-78.0,-102.0,5
1534,-98.0,,-76.9,-102.0,5
1535,-98.0,,-74.3,-102.0,5
1536,-98.0,,-74.0,-102.0,5
1537,-98.0,,-76.2,-102.0,5
1538,-98.0,,-83.2,-100.0,5
1539,-98.0,,-81.0,-99.1,5
1540,-97.6,,-78.8,-101.0,5
1541,-97.5,,-81.2,-101.0,5
1542,-99.0,,-79.2,-101.0,5
1543,-96.7,,-80.9,-101.0,5
1544,-98.8,,-79.7,-101.0,5
1545,-102.1,,-82.2,-101.0,5
1546,-98.6,,-79.8,-101.0,5
1547,-97.5,,-77.7,-101.0,5
1548,-98.0,,-78.6,-101.0,5
1549,-98.3,,-77.4,-101.0,5
1550,-101.0,,-77.6,-101.0,5
1551,-95.3,,-79.9,-101.0,5
1552,-96.3,,-77.8,-101.0,3
1553,-97.3,,-77.1,-101.0,3
1554,-97.0,,-82.7,-101.0,3
1555,-99.6,,-78.0,-101.0,-1
1556,-102.4,,-83.0,-101.0,-1
1557,-97.1,,-79.8,-101.0,-1
1558,-99.5,,-76.2,-101.0,-1
1559,-98.0,,-78.6,-99.2,-1
1560,-98.0,,-78.1,-99.0,-1
1561,-98.0,,-81.1,-99.0,-1
1562,-98.0,,-80.2,-99.0,-1
1563,-98.0,,-79.8,-99.0,-1
1564,-98.0,,-77.8,-99.0,-1
1565,-98.0,,-77.5,-99.0,-1
1566,-98.0,,-75.3,-99.0,-1
1567,-98.0,,-77.2,-99.0,-1
1568,-98.0,,-82.2,-98.3,-1
1569,-98.0,,-81.2,-103.4,-1
1570,-99.8,,-80.5,-104.0,-1
1571,-102.6,,-82.3,-102.6,-1
1572,-101.8,,-75.8,-102.0,-1
1573,-100.0,,-76.2,-102.0,-1
1574,-100.9,,-81.6,-102.0,-1
1575,-102.8,,-79.0,-100.4,-1
1576,-103.0,,-78.5,-103.3,-1
1577,-103.0,,-77.7,-105.0,-1
1578,-102.9,,-76.7,-105.0,-1
1579,-97.6,,-82.1,-105.0,-1
1580,-101.3,,-82.1,-100.9,-1
1581,-103.0,,-65.7,-95.8,-1
1582,-97.7,,-69.8,-93.5,-1
1583,-95.8,,-76.9,-83.3,-1
1584,-90.0,,-76.4,-87.6,-1
1585,-83.4,,-72.7,-85.3,-1
1586,-72.1,,-76.6,-89.8,-1
1587,-82.7,,-81.8,-97.0,-1
1588,-99.8,,-89.2,-98.1,-1
1589,-102.0,,-97.7,-85.0,-1
1590,-102.0,,-95.8,-91.6,-1
1591,-101.1,,-96.5,-93.3,-1
1592,-100.4,,-97.1,-94.6,-1
1593,-95.8,,-98.4,-96.5,-1
1594,-97.0,,-99.0,-84.2,-1
1595,-97.0,,-99.9,-87.4,-1
1596,-97.0,,-97.8,-94.1,-1
1597,-97.7,,-96.3,-94.9,-1
1598,-98.0,,-101.4,-97.6,-1
1599,-98.0,,-105.0,-93.0,-1
1600,-98.0,,-105.0,-90.6,-1
1601,-96.65,,-98.3,-93.15,-1
1602,-97.0,,-98.1,-94.25,-1
1603,-100.85,,-95.1,-93.45,-1
1604,-100.0,,-95.0,-85.15,-1
1605,-100.0,,-95.0,-87.0,-1
1606,-100.0,,-95.0,-83.8,-1
1607,-100.0,,-95.0,-84.2,-1
1608,-100.0,,-95.0,-82.8,-1
1609,-100.0,,-95.0,-82.0,-1
1610,-100.0,,-95.0,-82.8,-1
1611,-100.0,,-95.0,-82.0,-1
1612,-100.0,,-95.0,-84.4,-1
1613,-100.0,,-95.0,-85.6,-1
1614,-100.4,,-96.6,-81.4,-1
1615,-80.6,,-95.2,-98.6,-1
1616,-80.0,,-97.8,-100.4,-1
1617,-92.2,,-92.4,-94.4,-1
1618,-88.0,,-81.8,-96.4,-1
1619,-75.4,,-72.2,-94.4,-1
1620,-89.0,,-84.2,-94.8,-1
1621,-87.8,,-86.0,-99.0,-1
1622,-87.8,,-86.0,-99.0,-1
1623,-83.6,,-87.4,-103.2,-1
1624,-81.4,,-83.8,-105.0,-1
1625,-89.4,,-83.0,-97.0,-1
1626,-82.2,,-84.0,-99.8,-1
1627,-79.4,,-76.8,-100.6,-1
1628,-85.6,,-75.6,-80.2,-1
1629,-98.8,,-85.2,-72.4,-1
1630,-90.6,,-83.0,-68.0,-1
1631,-83.4,,-86.4,-68.8,-1
1632,-77.2,,-82.4,-78.0,-1
1633,-81.6,,-86.2,-78.6,-1
1634,-80.2,,-90.2,-77.8,-1
1635,-81.2,,-90.0,-77.6,-1
1636,-82.6,,-90.2,-79.4,-1
1637,-81.6,,-89.0,-77.8,-1
1638,-81.0,,-88.8,-78.2,-1
1639,-80.2,,-88.8,-78.8,-1
1640,-81.2,,-89.2,-79.8,-1
1641,-81.0,,-88.6,-79.6,-1
1642,-79.6,,-88.4,-79.8,-1
1643,-82.2,,-89.2,-79.0,-1
1644,-81.8,,-86.4,-80.0,-1
1645,-81.6,,-87.2,-79.4,-1
1646,-80.2,,-87.6,-79.8,-1
1647,-79.2,,-86.8,-82.0,-1
1648,-79.4,,-86.8,-82.2,-1
1649,-80.2,,-85.8,-81.8,-1
1650,-80.2,,-86.6,-79.8,-1
1651,-80.2,,-89.2,-79.2,-1
1652,-80.8,,-89.2,-78.0,-1
1653,-82.0,,-89.0,-78.0,-1
